,TCGA-OR-A5J1,TCGA-OR-A5J2,TCGA-OR-A5J3,TCGA-OR-A5J5,TCGA-OR-A5J6,TCGA-OR-A5J7,TCGA-OR-A5J8,TCGA-OR-A5J9,TCGA-OR-A5JA,TCGA-OR-A5JB,TCGA-OR-A5JC,TCGA-OR-A5JD,TCGA-OR-A5JE,TCGA-OR-A5JF,TCGA-OR-A5JG,TCGA-OR-A5JI,TCGA-OR-A5JJ,TCGA-OR-A5JK,TCGA-OR-A5JL,TCGA-OR-A5JM,TCGA-OR-A5JO,TCGA-OR-A5JP,TCGA-OR-A5JQ,TCGA-OR-A5JR,TCGA-OR-A5JS,TCGA-OR-A5JT,TCGA-OR-A5JV,TCGA-OR-A5JW,TCGA-OR-A5JX,TCGA-OR-A5JY,TCGA-OR-A5JZ,TCGA-OR-A5K0,TCGA-OR-A5K1,TCGA-OR-A5K2,TCGA-OR-A5K3,TCGA-OR-A5K4,TCGA-OR-A5K5,TCGA-OR-A5K6,TCGA-OR-A5K8,TCGA-OR-A5K9,TCGA-OR-A5KO,TCGA-OR-A5KT,TCGA-OR-A5KU,TCGA-OR-A5KV,TCGA-OR-A5KW,TCGA-OR-A5KX,TCGA-OR-A5KY,TCGA-OR-A5KZ,TCGA-OR-A5L3,TCGA-OR-A5L4,TCGA-OR-A5L5,TCGA-OR-A5L6,TCGA-OR-A5L8,TCGA-OR-A5L9,TCGA-OR-A5LA,TCGA-OR-A5LB,TCGA-OR-A5LC,TCGA-OR-A5LD,TCGA-OR-A5LE,TCGA-OR-A5LG,TCGA-OR-A5LH,TCGA-OR-A5LJ,TCGA-OR-A5LK,TCGA-OR-A5LL,TCGA-OR-A5LM,TCGA-OR-A5LN,TCGA-OR-A5LO,TCGA-OR-A5LP,TCGA-OR-A5LR,TCGA-OR-A5LS,TCGA-OR-A5LT,TCGA-OU-A5PI,TCGA-P6-A5OF,TCGA-PA-A5YG,TCGA-PK-A5H8,TCGA-PK-A5H9,TCGA-PK-A5HA,TCGA-PK-A5HB
CD27,7.829,32.8466,6.0198,6.0806,10.4618,1.773,150.071,3.3556,0.6078,182.048,5.7125,40.6189,2.4208,5.8114,2.3001,57.9093,50.6693,420.778,11.3225,1.6853,78.2229,1.4054,190.242,23.0798,4.0733,10.2997,38.0945,2.0316,6.8169,7.1966,8.1612,1.2368,17.1251,5.4243,8.0207,10.0736,4.6899,4.5078,1.7997,0,0.9372,93.9114,1.0914,4.7011,5.2329,2.5048,13.3481,13.0424,9.9219,2.2912,48.2796,6.1682,1.7957,48.2796,59.1393,5.5578,4.5251,7.7748,2.8415,8.5087,18.0191,43.4181,226.814,5.2939,1.2007,90.6243,2.6045,32.0872,18.7364,3.7201,5.9609,6.2657,0.966,52.8387,3.9413,12.4191,40.5678,0.8019
CD274,1.9212,5.2342,3.555,3.0984,1.6766,5.6157,25.2797,1.0199,5.2854,84.6608,8.9059,15.1699,3.9593,12.7425,2.6871,2.7752,4.9085,34.3249,8.9265,5.1724,21.5966,2.635,7.1663,15.493,4.4395,11.8441,43.6137,14.48,11.0264,26.8697,8.7322,5.814,5.7967,0,10.3493,20.1696,1.378,2.524,8.7083,1.759,0.9372,4.817,4.4851,0,2.7001,0.478,2.2136,2.4242,0,7.8028,6.0076,7.4766,0.399,21.5054,5.3239,2.7975,0.6784,1.3569,3.0752,0.455,15.2822,10.068,13.5593,11.3653,10.2056,6.9364,5.7665,18.0711,14.2259,6.7762,17.8571,3.4208,3.5197,17.1059,1.8738,33.1501,6.6152,12.4298
CD276,1722.86,6878.94,3761.81,2151.05,850.021,6422.38,5912.14,3002.37,6467.23,1812.19,3496.18,3027.31,2302.04,3439.71,6661.29,3128.58,2521.64,2362.32,4799.15,12562.9,2607.79,2878.35,4918.09,2707.98,7219.39,3582.14,5068.54,4665.64,2364.2,13927.9,2342.23,3287.53,2764.19,2844.31,1406.21,2413.07,9074.87,3960.63,2555.88,4568.16,1997.66,11346.8,4079.24,3122.64,4696.1,1156.79,3663.53,2367.88,3635.04,3052.31,2018.02,2239.25,1613.73,1467.74,1462.29,3837.28,2561.06,1649.93,3316.89,2843.82,2624.37,3660.71,1952.54,2141.47,4019.21,2361.85,3551.66,4081.87,2961.51,1757.07,5644.56,3193.84,4605.4,3008.32,1140.54,1098.84,4058.43,12743
CD28,4.3228,18.1184,1.7775,4.6476,133.008,12.0337,229.59,2.0399,8.9852,45.4495,5.0891,38.835,2.2624,1.5446,0,27.7521,29.8974,40.4272,52.1494,1.2931,91.7856,7.9051,23.0915,6.5728,5.1794,8.054,24.9221,0.4388,1.9458,5.3739,66.4987,13.7421,15.7338,2.5912,7.762,1.6808,9.187,0.5048,0,3.9578,0,79.9615,11.2129,7.3274,13.5007,7.1702,5.3127,23.0303,1.1161,4.2561,19.6614,29.9065,0.7981,59.1398,18.6335,0.9325,29.1723,0,0.615,5.4601,16.6715,9.5646,55.9322,4.1872,28.8158,11.5607,10.0913,148.976,10.8787,6.0986,21.2585,0.5701,2.3465,22.6537,36.2274,23.7285,165.932,25.2606
CD70,3.3622,1.2079,0.5925,51.8978,0,0.8022,11.6038,5.7797,3.6998,2167.32,3.8168,2.4272,0,0,2.1497,1.8501,44.6229,15.2555,0.4698,0.431,2.6996,1.7567,1.9906,0.4695,0,0.4738,9.865,0,1.9458,1.3435,2.0151,118.922,1.6562,2.5912,72.445,1.6808,8.7276,0,0,0,0.9372,4.817,0,3.0852,1.0801,1.912,4.4272,3.6364,0,0,12.5614,5.6075,0,26.8817,2.6619,0,0.6784,0,0,14.1053,2.3155,4.5306,1.6949,0,5.403,2.3121,4.3248,3.5261,0,1.3552,5.102,1.1403,0.3911,2.3116,1.8738,0.6979,1.6538,2.0048
CD80,2.8818,4.4289,0,0,3.912,3.6101,33.1538,0,3.6998,34.3099,3.8168,6.6748,3.3937,0.7723,2.1497,0.9251,0.4462,21.3577,4.6981,0,15.1176,1.7567,3.5832,0.939,0,0.9475,36.3448,0.4388,3.2431,10.7479,3.3585,1.0571,0,1.7275,2.5873,0,1.8374,3.5336,1.4514,0.8795,0,0,0,0,2.7001,2.3901,1.3282,3.6364,1.1161,0,2.1846,1.8692,0,5.3763,0,0,3.3921,0,0,3.6401,1.3893,2.517,6.7797,1.1964,1.2007,4.6243,0.9611,11.4597,0,2.0329,3.4014,0,3.1287,2.7739,6.8707,3.1405,17.6406,2.0048
CD86,195.005,68.4472,68.7306,48.0248,135.802,22.0618,732.698,19.7189,57.611,423.304,209.287,183.859,153.28,55.99,63.9527,243.293,31.6823,317.315,71.4118,102.155,513.999,32.0597,208.619,136.62,44.7651,27.4784,687.435,69.7674,123.885,185.401,51.7212,22.7273,28.9834,115.742,203.105,10.6451,76.7111,150.934,42.09,38.2586,35.6139,189.788,46.3465,24.2962,39.9622,43.021,156.281,59.3939,85.9375,117.042,138.722,128.972,28.731,150.538,186.335,29.3741,44.0977,44.7761,20.9112,164.259,49.0883,63.4281,574.576,13.1599,63.635,319.075,41.8068,182.474,57.7406,119.261,90.9864,64.9943,69.6128,259.362,169.269,52.3423,488.975,38.0914
CSF1,94.6206,172.728,122.056,56.5453,1501.65,67.3887,2307.92,80.5753,112.051,2313.47,167.939,384.709,30.543,119.317,63.4153,327.475,118.697,371.472,322.762,33.6207,1360.05,133.509,383,587.324,162.042,198.034,7625.65,127.688,88.8601,343.484,102.099,133.721,293.147,44.051,428.202,393.308,45.9348,362.948,63.8607,42.2164,137.301,409.441,115.866,104.898,72.364,13.3843,135.03,140.606,200.893,217.06,784.271,218.692,185.555,575.269,434.783,42.8954,238.127,1.3569,45.5127,403.595,1344.84,124.339,1542.37,273.964,69.6383,898.266,84.5747,1132.75,334.728,54.2097,147.109,273.66,238.17,1757.74,925.047,300.794,2354.47,124.699
CSF1R,882.325000000001,341.833,143.386,317.583,2627.19,71.3999,7944.05,146.871,223.044,2198.51,611.323,2259.71,621.041,228.98,259.035,738.205,83.4449,1579.71,434.108,21.5517,4598.46,191.48,1368.77,927.23,39.9556,264.361,7244.03,645.897,751.743,323.78,428.547,126.321,364.363,522.565,904.268999999999,197.214,163.068,789.5,181.422,123.131,25.7732,1770.71,113.624,92.1712,129.607,298.757,1008.97,241.818,289.062,510.019,1694.7,465.421,105.746,1881.72,2194.32,91.3859,244.912,123.474,35.0571,1141.62,577.483,322.175,4405.08,184.836,378.808,1661.27,43.729,2026.61,741.423,119.261,380.102,511.402,654.673,3469.26,1137.41,659.862,3696.8,82.1973
CTLA4,6.7243,11.2737,0,0.7746,10.0594,0.4011,100.704,1.0199,0.5285,60.1537,1.2723,18.8107,1.1312,0.3861,0,7.4006,11.602,120.519,0.9396,0,10.7983,0,15.9252,4.2254,1.1099,2.8426,46.729,0,13.6209,4.9261,2.0151,0,4.1405,1.7275,7.762,0.5603,1.378,0.5048,0,0,0,2.8902,0.7475,0.7713,0,1.912,2.2136,4.2424,4.4643,2.8374,8.1922,3.7383,0.399,0,3.5492,0.9325,0,4.0706,0,1.365,2.7786,24.6665,94.9153,0,0.6003,19.6532,0,7.4929,1.6736,0,0.8503,3.4208,1.5643,3.6986,0.6246,5.5832,23.7045,0.401
FLT3,1.4409,0.4026,0.5925,5.4222,10.6183,0.4011,3.3154,0.34,8.9852,1.7823,4.4529,12.1359,3.3937,1.5446,1.0748,3.7003,0.4462,16.0183,3.2887,0,38.334,0,27.0728,1.4085,0.7399,0.9475,1.0384,2.1939,18.8098,0.4478,1.3434,0,6.6248,0,0,0.5603,1.378,2.0192,5.8055,0.4398,0,40.4624,7.4752,0,1.0801,0.478,1.7709,4.2424,0,4.2561,18.5691,0,0.399,0,6.2112,0.4663,0,0,0.615,5.9151,1.3893,2.0136,16.9492,2.9909,1.2007,8.0925,1.9222,1.763,1.6736,0.6776,0,2.8506,1.9554,11.558,1.8738,10.1195,4.9614,0.401
HHLA2,5.7637,2.0132,0,0,0,0.4011,0.4144,0,0,0.4456,0.6361,2.4272,1.1312,0,0,0.9251,0,1.5256,3.2887,28.8793,7.5588,3.0742,7.5644,0,2.5897,46.9028,1.0384,0.4388,0,1.3435,4.0302,15.3277,1.6562,3.455,0,0,10.565,0,0,0,0,1.9268,26.1633,0,0.54,0,0,0.6061,2.2321,0,8.7384,3.7383,0.399,0,21.2955,0.4663,0,1.3569,7.3804,0,6.9465,1.5102,38.9831,1.7945,0.6003,5.7803,0.4805,2.2038,0.8368,0,8.5034,2.2805,4.3019,0.9246,0.6246,14.3069,0,1.6038
ICOS,0,4.0263,0,0,2.2354,0,39.7845,0,0.5285,33.8643,1.9084,15.7767,0,0,0,13.876,8.0321,46.5294,0,0,6.479,0,9.5551,0.939,0.7399,1.8951,18.1724,0,1.2972,4.9261,2.0151,0,1.6562,0,2.5873,0,1.378,0,0,0,0,1.9268,0.7475,0.7713,0,0,0.8854,3.6364,0,0.7093,4.9153,5.6075,0,5.3763,7.9858,0,0,0,0,0,3.2417,21.6461,18.6441,0.5982,0.6003,6.9364,0,3.5261,1.6736,0,0,0,0.3911,6.4725,0,3.1405,6.0639,0
ICOSLG,80.6916,78.1103,74.6556,60.4183,77.1222,50.1404,580.191,79.5554,181.818,163.083,101.781,291.262,122.172,67.5741,47.8302,742.831,94.1544,91.5332,79.3986,9.4828,211.107,58.8494,363.094,354.46,23.6774,198.508,454.309,52.6547,142.046,47.0219,157.179,116.808,93.575,75.1458,104.787,96.9264,37.6665,33.3165,91.4369,34.7405,110.59,133.911,59.0544,349.017,39.9622,109.943,80.5755,160.606,18.9732,85.8308,117.422,259.813,17.5579,69.8925,269.743,22.3802,124.152,21.7096,20.2962,59.6064,86.5992,70.4757,230.508,22.1325,69.6383,104.046,46.1317,247.706,211.715,29.8153,576.531,84.3786,220.18,162.275,94.3161,358.022,258.545,155.172
IDO1,247.358,132.465,247.075,39.5043,1128.33,35.7,157.48,59.1566,47.0402,5486.47,307.252,11.5291,136.312,155.613,383.716,110.083,74.9665,1000.76,35.7059,40.0862,375.241,70.2679,226.535,16.9014,59.5634,72.9598,223.78,168.056,1103.94,337.214,69.8573,32.7696,47.2015,335.997,569.211,50.4241,195.682,335.689,89.9855,36.9393,50.6092,195.568,86.7128,111.84,169.569,134.321,84.56,18.7879,24.5536,428.445,34.9536,26.1682,11.1732,220.43,15.0843,149.668,8.8195,130.258,99.6359,202.48,149.117,205.89,215.254,7.7763,60.6333,215.029,214.801,49.8057,19.2469,159.241,112.245,2.2805,174.423,20.3421,67.4578,15.7027,67.806,94.6271
LAG3,2.8818,13.2868,28.4402,131.681,5.5886,6.8191,167.426,5.7797,15.3277,1017.27,20.9924,18.2039,2.8281,15.0594,13.9729,26.827,85.2298,368.421,1.4094,7.7586,49.6722,7.9051,39.8129,10.7981,6.2893,0.9475,19.73,5.7043,58.3752,34.4828,5.3736,19.556,4.9686,11.2287,37.5162,1.1205,10.1056,1.5144,8.7083,18.4697,4.2174,6.7437,55.3168,1.9283,24.8414,4.7801,90.3154,14.5455,2.2321,2.8374,32.769,9.3458,3.9904,53.7634,48.8021,6.9938,19.6744,39.3487,5.5353,8.6452,14.356,107.224,88.1356,2.3927,21.6119,89.0173,2.4027,22.0379,0,17.6182,17.8571,16.5336,30.8956,26.3523,4.9969,4.5363,22.0507,4.0096
NT5E,10.0865,68.0445,207.969,30.2091,31.296,194.545,888.52,76.4956,96.723,2206.08,141.857,69.1748,139.706,162.95,718.528,698.427,191.879,42.7155,66.2438,66.3793,173.313,48.7484,324.475,329.108,39.5856,123.179,35.3063,706.011,78.4822,152.262,96.0537,4.7569,89.4345,43.1872,28.4605,16.2478,22.508,293.286,140.784,257.696,480.787,903.661000000001,343.113,27.7671,44.2824,5.7361,97.8417,111.515,21.2054,79.4467,167.122,26.1682,77.4142,26.8817,102.928,145.471,119.403,8.1411,78.1096,18.2004,80.1159,177.196,333.898,29.3106,87.6482,78.6127,197.021,390.512,63.5983,234.457,356.293,315.849,163.473,153.028,24.9844,89.6798,292.172,1548.52
PDCD1,4.3228,18.1184,2.37,6.9713,3.3531,0.8022,92.4161,2.3799,6.3425,88.2255,2.5445,18.8107,9.0498,1.1584,2.1497,30.5273,25.4351,388.253,2.8189,0,21.0567,0.8783,38.6185,5.6338,2.9597,0.9475,37.3832,1.7552,8.432,8.0609,1.3434,1.0571,2.4843,6.0462,25.8732,0.5603,3.2154,1.5144,1.4514,5.7168,0,3.8536,0,1.157,1.0801,3.3461,5.7554,13.3333,2.2321,0,16.9306,5.6075,0,37.6344,28.394,0.4663,0.6784,2.7137,0,5.4601,9.725,33.2243,28.8136,0.5982,1.2007,25.4335,3.3638,12.3412,3.3473,0,1.7007,1.7104,2.7376,30.9755,5.6215,3.1405,38.0375,5.6135
PDCD1LG2,1.9212,10.871,2.9625,5.4222,26.2663,0.4011,215.499,1.3599,8.4567,156.4,12.7226,7.8883,3.9593,5.4059,6.449,25.9019,10.2633,52.6316,10.8057,0.8621,101.504,3.9526,23.4896,49.2958,0.7399,13.2654,29.0758,4.8267,3.8917,29.5567,14.1058,3.6998,10.7653,7.7737,15.5239,3.3616,6.4309,6.5623,2.9028,0,2.343,55.8767,5.9802,1.5426,4.8603,2.3901,5.7554,3.6364,0,17.0243,50.2458,37.3832,1.9952,43.0108,65.661,6.9938,8.1411,4.0706,1.8451,10.4652,16.6715,11.5782,66.1017,5.9818,7.8043,43.9306,1.9222,29.0901,8.3682,8.8091,4.2517,7.9818,21.1185,22.1914,3.123,35.5928,49.0628,13.6327
TLR3,68.2037,204.536,130.944,134.005,144.744,248.696,150.435,250.905,321.882,47.6774,245.547,214.199,96.7195,270.683,343.947,354.302,117.805,156.369,528.071,140.517,148.477,51.3834,267.941,823.005,24.0474,485.609,771.547,527.863,70.0503,131.214,500.42,238.372,152.37,88.9657,134.541,620.777,85.4387,252.398,174.166,210.642,204.78,144.509,375.257,116.467,243.013,133.843,74.8201,112.727,43.5268,289.413,150.191,134.579,278.132,43.0108,177.462,243.851,52.2388,36.635,51.6631,50.0512,470.044,101.686,147.458,506.057,530.692,184.971,624.7,231.398,270.293,440.454,351.19,403.079,292.139,381.415,165.522,377.563,116.317,193.665
TNFRSF18,0.9606,9.6631,2.37,2.3238,2.2354,0,47.2441,2.3799,5.814,223.237,4.4529,8.4951,1.6968,2.3168,0,26.827,14.2793,18.3066,1.8793,0,76.668,4.3917,13.9345,9.8592,1.4798,5.6852,6.7497,1.3164,11.675,8.0609,7.3887,0.5285,6.6248,0.8637,5.1746,1.1205,0,1.5144,0,0,1.8744,4.817,2.2426,11.5696,2.7001,2.3901,7.5263,7.8788,3.3482,0,6.0076,16.8224,0.399,26.8817,39.929,2.7975,2.0353,1.3569,0.615,1.82,5.5572,9.5646,18.6441,0,1.801,19.6532,0,5.2891,2.5105,0.6776,2.551,3.4208,0,12.0203,0,1.3958,28.6659,2.0048
TNFRSF4,67.243,147.765,47.9929,93.7258,144.744,75.8123,208.869,116.953,70.8245,66.3919,79.5165,28.5194,130.656,62.1682,63.9527,58.2794,152.164,120.519,32.4172,10.7759,182.491,56.6535,48.5717,43.1925,99.889,44.0602,62.8245,44.3177,185.504,20.1523,95.382,12.685,125.871,122.652,94.4373,75.0759,176.849,44.9268,92.8882,21.1082,49.2034,325.626,33.6386,57.8481,44.8225,110.899,74.3774,85.4545,72.5446,139.032,22.3921,200,9.178,317.204,116.238,24.2453,107.87,55.6309,16.606,59.6064,101.418,50.8432,186.441,16.1507,87.6482,154.913,18.2605,46.7204,46.0251,42.6902,11.0544,22.2349,31.2867,54.0915,47.4703,7.6769,236.494,11.6279
TNFRSF9,1.4409,2.8184,2.37,0.7746,0,1.2034,59.2623,1.0199,3.1712,19.6057,0,4.8544,1.1312,0,1.0748,2.7752,7.5859,9.9161,1.4094,57.3276,18.3571,7.466,2.3888,48.3568,11.4687,22.267,1.0384,3.0715,0,87.7743,139.714,1.5856,14.0777,0.8637,16.8176,3.3616,7.3496,0.5048,0,1.3193,0,0,0,1.5426,3.7802,2.3901,0.4427,0.6061,0,1.4187,19.1152,0,1.9952,0,1.7746,0,2.0353,0,41.2074,0,1.3893,50.8432,0,0.5982,0,2.3121,0.9611,3.9668,11.7155,1.3552,11.9048,0.5701,0.7822,3.2362,0,18.8432,2.7563,1.6038
TNFSF18,0.4803,0.8053,0,0,0,0.4011,0.8288,0.34,0,0.4456,0.6361,4.8544,0,0,0,0.9251,0.8925,0,0,0,0.5399,0.4392,0,0.4695,0,0.4738,16.0955,0.4388,0.6486,1.7913,0,0,2.4843,0.8637,0,0,0,1.0096,0,0,0,0,0,0,0,0,0.8854,1.2121,0,2.128,1.0923,0,1.5962,0,0,0,0,0,0,0,1.3893,1.0068,0,0,0,0,0,1.3223,0,0.6776,0.8503,0.5701,0,10.6334,2.4984,2.0937,0,0
TNFSF4,29.2988,4805.39,193.749,41.828,42.4731,19.655,390.385,147.211,52.3256,23.6159,29.8982,20.0243,62.2172,352.158,54.2792,95.2821,1103.97,70.1754,137.656,262.5,35.0945,58.4102,89.579,63.3803,1976.32,67.7484,118.38,109.697,41.5113,330.049,149.118,122.622,48.0296,63.9171,27.1669,27.4531,1325.22,864.21,33.3817,882.586,37.9569,32.7553,115.866,27.3814,31.3217,28.6807,135.473,42.4242,524.554,13.4776,59.5303,65.4206,2315.24,247.312,122.449,664.879,12.8901,63.772,91.6404,10.0102,54.6455,2822.05,67.7966,198.594,22.8125,49.711,60.5478,59.5024,85.3556,275.792,31.4626,704.105,123.582,75.8206,76.827,20.239,46.3065,34.4828
TNFSF9,20.1729,37.8473,65.1755,484.121,254.28,292.82,85.3709,134.632,176.004,434.444,111.323,160.194,15.8371,78.3859,38.6941,159.112,66.0419,61.7849,21.6115,61.6379,43.1932,55.336,110.68,41.784,39.9556,118.915,134.476,49.5832,59.0238,53.2915,23.5097,1559.2,110.137,64.7808,282.018,113.734,138.723,31.8021,181.422,31.6623,42.1743,34.6821,142.03,1969.53,129.067,203.155,91.6436,55.1515,30.1339,54.6196,96.1223,106.542,25.9377,134.409,114.463,99.3123,171.642,63.772,3.0752,67.7966,104.197,35.7413,111.864,81.3519,181.9,115.607,171.552,47.1612,62.7615,161.952,122.449,55.8723,164.255,90.6149,221.736,26.1712,334.62,116.279
VTCN1,0,0,1.185,0,0,0.4011,10.3605,0,1.0571,0,0,0.6068,0,0.3861,0.5374,0,0,0,6.5774,0,15.1176,0,0,0,0,0.4738,0,0,0,0,0,8.4567,0,0,0,1.6808,0,1.5144,0,0,0.4686,0,0,0,0,0,0,0.6061,3.3482,1.4187,0.5461,0,0,10.7527,0,0.4663,0,1.3569,0,0,0,1.0068,25.4237,1.1964,0,0,0.9611,0,37.6569,0,0.8503,0,0,0.9246,4.9969,146.209,0,12.8308
CLDN4,29.7791,78.1103,617.39,42.6026,8.3829,34.8977,36.8835,18.6989,948.203,811.852,23.5369,32.1602,6.2217,72.5939,80.6127,19.4265,202.588,20.595,909.091,56.4655,2.1597,7.9051,20.3046,56.8075,74.3618,164.87,66.459,127.688,18.1612,60.9046,96.7254,140.592,284.037,6.0462,76.326,38.0982,22.0487,116.608,56.6038,31.2225,33.2709,106.936,48.589,18.897,1068.18,66.4436,52.2413,104.242,20.0893,364.604,31.1305,37.3832,43.8947,32.2581,93.1677,89.9872,33.9213,32.5645,19.0661,45.0461,445.5,86.081,77.9661,36.4887,177.698,19.6532,268.14,73.6067,98.7448,27.1049,9.3537,91.7902,168.948,33.2871,58.7133,3.1405,77.7288,71.3713
DYNC1LI2,2877.04,2283.72,2926.38,4506.58,2161.1,1478.94,2572.73,2439.7,3467.23,2477,2582.7,3091.02,1986.43,3179.07,3273.41,3137.84,2719.32,2707.09,1770.73,2381.9,2262.24,2736.06,3105.4,3083.57,2630.04,2923.61,2452.75,3669.15,3593.32,2834.3,2929.97,826.638999999999,2244.14,1708.49,3307.89,2412.51,2373.91,1945.48,3268.51,2080.04,3298.97,2048.17,2641.75,1683.38,3179.69,1585.56,2922.41,2675.76,2184.15,2783.47,3125.61,3562.62,2380.29,2693.55,2121.56,1445.39,1951.83,5066.49,2479.83,3673.3,1414.76,1950.16,2137.29,3432.93,2175,2317.92,2481.98,3392.08,2746.44,3651.7,3622.45,3583.81,4407.12,2841.42,3704.56,2841.49,2514.88,2185.65
IRF6,84.5341,109.918,4.1475,6.9713,416.348,52.5471,9.9461,10.1994,297.569,1089.45,185.114,19.4175,5.0905,0.7723,18.2722,138.76,7.5859,68.6499,6.5774,42.2414,379.021,10.9794,107.893,600,6.6593,564.728,1133.44,11.8473,90.1573,9.4044,120.907,21.6702,517.561,17.2749,257.439,872.898,1.8374,14.6391,29.0276,204.486,8.9035,44.316,191.366,101.427,44.2824,810.707,5.7554,611.515,82.5893,141.869,79.7378,28.0374,27.1349,510.753,35.4925,9.7914,30.5292,1.3569,81.7998,5.4601,214.414,2.0136,525.424,239.27,103.257,64.7399,13.4551,1407.34,333.054,8.8091,369.898,1.7104,12.5147,479.427,421.611,1366.48,1914.55,55.3328
CTNND1,3466.9,4223.13,2637.24,1755.23,2914.44,4051.74,2302.11,2606.29,2089.32,3859.2,1839.69,1519.42,1839.93,1651.12,2066.91,2484.74,1640.79,1750.57,2237.35,3088.79,4254.53,3284.59,2440.53,3305.77,2341.1,3036.36,3973.52,2642.39,2188.42,3682.49,4110.16,3134.78,3276.78,2516.09,1747.74,2927.96,2350.94,1709.24,1901.31,2184.7,2925.49,2993.26,1595.96,2714.62,2879.98,2529.16,3087.11,3141.21,1457.59,3394.93,2275.81,2491.59,3503.59,1666.72,2301.69,2063.18,1738.81,1955.22,3403.08,2971.71,2093.66,1976.84,3115.25,3982.65,1876.03,1800,2441.9,3309.66,4164.85,2239.54,2028.06,2133.12,2838.87,2478.5,2643.97,5237.72,3526.46,3023
HOOK1,242.555,372.433,372.093,183.579,401.818,109.507,0,33.3181,149.049,4.9014,168.575,241.505,37.8959,149.049,23.6464,163.737,82.1062,128.909,469.814,197.414,76.1281,25.0329,304.967,422.535,93.5997,477.555,400.312,175.516,258.797,938.648,634.089,1.0571,335.379,50.9609,411.384,344.565,139.182,92.3776,97.2424,20.2287,180.412,1.9268,183.143,190.899,27.5415,357.553,35.4178,5.4545,132.812,263.167,344.62,121.495,197.925,360.215,326.531,213.078,6.7843,0,477.268,10.0102,553.402,139.441,374.576,99.2971,300.765,284.393,304.181,357.455,345.607,201.254,219.388,153.364,123.582,359.686,343.535,517.491,246.417,228.548
GALNT3,61.4793,2.4158,15.4051,285.825,5.5886,8.8247,7.874,18.3589,14.2706,3.1191,20.3562,13.9563,5.0905,51.7424,1.6123,10.1758,30.3436,3.0511,9.3963,49.569,38.8739,6.5876,22.2952,3.7559,18.8679,2.3688,2.5961,2.6327,42.1599,17.9131,16.7926,0,9.9372,14.6837,25.8732,12.3259,3.2154,13.6295,4.3541,4.3975,28.5848,7.7071,15.698,65.9468,21.6012,0.478,11.9535,11.5152,7.8125,5.6748,37.6843,13.0841,25.5387,112.903,9.7604,10.7239,18.9959,65.1289,22.1413,1.82,40.2895,11.0748,42.3729,1.1964,10.2056,47.3988,2.8832,6.6114,10.8787,2.0329,15.3061,1.7104,4.3019,21.7291,83.0731,40.4781,7.1665,6.0144
MYO5B,695.485,3385.72,639.905,323.78,2.2354,64.9819,71.2806,358.679,223.573,14.2587,30.5344,305.825,147.624,364.128,33.8573,150.786,534.583,157.132,383.369,238.793,68.0293,44.7958,225.341,326.291,10.7288,299.42,674.455,858.271,95.3462,3372.15,255.919,1003.17,276.584,397.322,192.756,160.797,1848.87,174.659,220.61,1335.09,89.9719,2.8902,556.158,82.1442,382.341,665.392,135.03,19.3939,191.964,39.7234,209.721,388.785,211.892,311.828,236.025,427.089,4.0706,31.2076,679.615,74.1668,658.062,1139.19,564.407,315.238,20.4112,157.225,805.382,279.882,229.289,382.856,165.816,216.077,144.31,344.891,36.2274,649.743,176.957,1005.21
PRSS8,0.9606,506.509,10.6651,3.873,49.7382,2.0056,1.2433,1.6999,4.7569,12.4763,0.6361,3.6408,1.6968,0.7723,1.0748,5.5504,3.5698,3.8139,0.4698,0.431,16.1975,1.7567,5.9719,2.8169,0.37,2647.4,0,0.4388,5.1889,1.3435,5710.16,50.74,3962.45,0,1.2937,3357.13,12.4024,3.5336,0,0,1.8744,6.7437,1.495,13.4979,1.0801,3.3461,1.7709,6.0606,1.1161,0,1886.4,2514.02,1.1971,37.6344,7.0985,0,2.7137,1.3569,0,33.6708,4.631,0,5.0847,1.7945,2.4013,2326.01,0.9611,1460.23,5337.24,0,0.8503,1.7104,3.1287,2.3116,1.8738,1105.47,0,1.2029
GPR56,343.42,1113.68,12013.6,861.348,707.513,829.924,555.325,566.067,7921.78,374.735,327.608,1475.73,738.688,15452.1,44640.1,577.243,233.824,504.958,3972.28,1287.5,768.299,854.633,533.493,307.042,374.029,1112.87,2026.48,4190,2263.66,1190.33,207.557,86.6808,604.511,658.173,256.145,119.897,320.625,1078.24,10953.6,732.19,386.598,2791.91,183.891,281.913,10719,2873.33,749.087,379.394,229.911,839.156,294.921,209.346,75.419,204.301,1519.96,3644.25,1346,100.407,224.488,323.513,5898.47,1137.68,516.949,2198.89,1034.97,513.295,254.205,3243.54,251.046,1252.92,348.639,4065.56,2035.2,606.565,590.256,169.938,873.208,4570.17
CNOT1,2271.7,3796.05,3366.18,2560.57,2285.58,1848.42,2610.65,2617.34,2935.59,2994.01,2647.68,2728.8,3117.21,3661.69,3265.3,2074.38,3451.07,2856.48,2334.91,3396.49,2631.14,2787.57,3001.39,4588.96,3271.98,3684.82,2848.91,3679.25,2336.39,2251.42,5528.42,1489.27,3177.04,1884.66,2649.48,4977.26,2608.35,2797,1962.57,3352.93,3777.08,2686.97,2249.02,2551.96,3675.09,1855.28,2392.24,3977.58,1654.17,3718.11,2821.56,1948.22,4932.73,2299.46,2460.55,1783.07,3707.33,1374.07,3926.31,4848.66,1917.83,1745.8,1613.69,3585.9,2800.36,1668.43,3426.33,4250.44,4035.46,3255.49,1651.99,4122.1,3026.93,3814.55,2995.05,4265.6,2670.52,2286.13
GRHL2,0.4803,2.0132,5.3325,3.873,0,0,0,0,0,0,0,0,0,0,0,0,0,0,0,0,0,0,0.3981,0,0,0,0,0,0,0,0,0,0.8281,0,0,0,0,0,0,0,0.4686,0,0,0.3857,1.6201,0,0,0.6061,0,0,1.0923,0,0,0,0,0,0,0,0,0,1.3893,0,0,0,1.801,0,0,0,0,0,0,0,0.3911,0,0,0,0,0
ERBB3,5.2834,14.8973,94.2083,44.1518,924.908,10.0281,12.8471,3.0598,32.7696,32.9732,15.2672,26.699,2.8281,3.4752,12.898,9.2507,41.9456,4.5767,13.1548,4.7414,1227.77,14.4928,9.9532,14.0845,7.7691,10.4228,2.0768,9.6534,11.675,10.7479,6.0453,4.7569,12.4215,9.5012,3.881,12.8862,4.5935,15.6487,8.7083,15.8311,8.9035,2.8902,1.495,101.427,10.8006,1.434,14.6099,2.4242,0,21.2804,39.8689,22.4299,1.1971,16.129,18.6335,8.3926,23.0665,6.7843,8.6105,4.0951,48.6252,12.5849,13.5593,1.7945,22.2122,48.5549,3.8443,5.7299,7.5314,15.5853,9.3537,10.2623,7.4306,31.9001,266.084,10134.5,6.0639,20.0481
ATP8B1,1040.35,344.446,136.869,89.8528,169.334,301.645,149.192,211.179,80.3383,63.7184,132.315,169.296,72.3982,208.514,75.7759,360.722,200.803,160.008,121.635,215.828,276.037,68.8362,585.182,433.3,384.388,265.782,134.595,182.405,114.156,419.055,379.137,2505.27,398.315,40.596,169.47,146.79,443.225,228.168,62.4093,214.006,216.963,162.813,221.925,175.719,77.2242,130.975,143.726,326.667,213.17,282.887,279.629,190.654,164.31,123.656,464.064,199.734,438.942,94.9796,196.197,164.691,213.488,133.904,188.136,1016.87,109.86,273.988,139.087,441.169,358.159,111.13,180.272,196.123,279.226,774.766,58.7133,120.258,417.244,171.612
F11R,1527.38,3915.98,1146.5,975.988,2045.97,3578.02,367.592,1674.06,2091.97,1400.47,2120.87,1320.39,5998.3,2194.42,1524.12,1449.58,136.992,2741.42,1464.41,2807.33,3156.34,2521.74,3620.19,1991.19,2997.08,2076.04,3156.8,1553.75,1897.84,8248.1,3941.56,3003.17,2112.48,3650.18,2082.79,3954.37,8225.11,1256.94,1669.09,944.639,1424.09,2888.25,1203.51,833.783,754.962,3205.54,322.745,1344.24,804.688,3846.07,1892.41,2198.13,658.021,2010.75,2062.11,1765.24,2431.48,192.673,1845.11,1841.43,1927.41,1589.73,1783.05,8574.25,2162.39,2882.08,3123.5,1638.74,2887.87,7691.97,1012.76,2541.62,2073.52,2230.7,2612.74,4961.01,4875.96,2529.67
OCLN,9.6061,5.6368,8.2951,31.7583,13.4126,1.2034,6.6308,5.4397,16.3848,9.3572,12.7226,12.1359,7.9186,6.9505,0.5374,20.3515,0,16.0183,9.8661,46.9828,12.958,4.8309,5.1757,6.5728,10.7288,3.7901,1.0384,5.7043,0,25.0784,10.0756,1.0571,3.3124,2.5912,9.0556,14.0067,5.5122,13.6295,0,1.759,11.2465,0,2.2426,11.9553,10.2606,0,11.0681,0.6061,0,11.3495,16.9306,9.3458,37.1109,32.2581,8.8731,1.865,16.9607,0,25.2165,4.5501,2.3155,0.5034,0,23.927,1.2007,24.2775,24.988,7.9337,27.6151,17.6182,3.4014,6.8415,0.7822,10.1711,23.1106,9.7706,22.602,3.6087
CDS1,642.651,515.367,488.817,377.227,343.138,632.972,36.0547,234.586,532.77,15.5954,419.847,649.879,337.67,849.117,148.865,860.314,1141.9,505.721,499.882,367.241,200.849,252.525,744.501,1719.72,124.306,901.101,1395.12,855.638,156.316,291.536,239.127,801.797,469.531,557.115,672.704,1946.37,462.104,256.941,462.99,52.3307,1349.11,264.933,1068.21,248.747,327.798,2025.81,220.476,420,912.946,153.928,285.636,573.832,536.712,801.075,584.738,725.959,325.644,424.695,786.632,184.279,2339.11,283.413,698.305,1912.97,721.597,497.11,308.505,473.816,383.264,483.822,653.061,713.227,504.498,590.846,329.794,217.744,588.203,155.172
MAP7,310.759,43.4841,162.346,187.452,314.636,151.223,241.194,300.882,257.928,145.706,466.285,123.18,93.3258,157.158,33.3199,267.345,79.4288,119.756,760.16,359.052,95.0251,220.026,277.098,372.3,305.216,111.809,220.665,247.038,155.019,471.115,86.6499,156.977,32.2958,144.245,134.541,145.67,172.715,134.276,31.9303,142.041,105.436,41.4258,86.7128,216.737,96.1253,265.296,75.2629,54.5455,251.116,217.769,176.952,132.71,235.435,26.8817,91.3931,173.447,185.21,138.399,30.7518,69.1616,305.644,76.0131,544.068,317.631,271.95,391.908,269.582,221.261,189.121,121.972,85.8844,86.6591,63.7466,233.01,146.159,154.584,770.673,142.743
CGN,9.1258,29.392,26.0702,48.7994,465.528,18.4517,12.8471,8.1595,70.8245,5.7926,19.7201,39.4417,4.5249,11.9703,3.2245,14.8011,108.434,19.0694,272.492,18.5345,141.458,21.0804,7.1663,129.577,12.9486,315.054,322.43,52.2159,3.2431,626.064,180.689,44.3975,250.085,1.7275,153.946,425.804,9.187,42.9076,10.1597,15.3914,24.836,24.0848,20.1831,193.984,19.4411,11.9503,3.9845,111.515,17.8571,129.81,181.322,106.542,29.1301,263.441,285.714,48.9568,168.928,18.9959,135.308,4.5501,351.954,8.5578,54.2373,59.8176,452.649,10.4046,21.6242,7.0521,178.243,16.2629,0.8503,63.2839,10.9503,86.9163,358.526,1518.63,31.4223,29.2702
SPINT1,73.487,175.144,8.8876,88.3036,242.544,10.8303,64.6498,4.7597,26.4271,4591.73,26.7176,38.2282,73.5294,2.3168,33.3199,100.833,4.4623,25.1716,7.517,50.431,116.082,7.9051,24.684,17.8404,2.2198,7.1065,56.594,6.5818,5.1889,110.166,7.3887,1052.33,6.6248,15.5474,19.4049,6.7232,733.578,17.6678,2.9028,23.3069,3.7488,31.7919,11.2129,408.793,3.7802,15.2964,19.0371,32.7273,5.5804,5.6748,18.5691,3.7383,142.458,5.3763,25.732,2.7975,78.019,1.3569,22.1413,12.2853,26.3966,34.2311,311.864,5.3836,10.8059,10.4046,28.3518,46.7204,82.8452,1.3552,1.7007,11.9726,8.9949,34.2117,8.1199,38.0354,161.522,313.954
ESRP1,16.8108,3.221,1.7775,41.828,0,1.2034,0.8288,1.0199,3.6998,2.2279,0.6361,0,27.1493,0,0.5374,0,6.2472,0,0.4698,19.3966,0,51.8226,0.3981,0,0,2.8426,15.5763,0,0,1.3435,0,27.4841,0.8281,10.3649,0,2.2411,171.796,0,0,4.3975,4.686,0,1.495,44.3502,0.54,41.587,0,0,0,0,2.1846,7.4766,0,0,0,0.4663,0.6784,50.2035,0.615,3.1851,3.7048,10.068,0,0,2.4013,0,47.5733,1.3223,0,0,0,2.2805,0,2.7739,0.6246,0,0,0.8019
AP1G1,2151.3,2044.56,3572.8,4692.49,1886.7,1564.38,1387.48,2430.86,2383.19,1601.87,1834.61,2064.32,1970.02,3836.66,2838.64,2741.91,3012.05,2644.55,2090.2,2681.9,1714.23,2122.09,2763.41,3799.53,2588.98,3306.88,2365.52,3864.41,2621.05,1724.59,2208.56,1071.88,1973.36,1580.65,2186.29,3201.37,1424.9,2135.29,2621.19,2184.7,4066.54,1587.67,2145.39,1564.21,3220.74,1611.38,2555.84,1555.76,1926.34,2662.17,2542.87,2786.92,2798.08,2204.3,2003.55,1329.29,1764.59,1004.07,2553.63,4079.63,1765.33,1378.81,1264.41,3691.94,2595.23,2295.95,2363.29,2932.81,2392.47,3781.81,2000.85,3665.34,2042.63,3288.49,2891.94,2572.1,2009.37,3012.03
MARVELD3,5.4611,4.5175,2.607,70.1549,0,1.5203,5.4289,9.3223,1.7706,2.0764,6.3613,4.2476,3.3937,9.3909,0.5374,3.4135,3.9893,6.1022,0.6389,4.7414,0,0.4787,9.9811,1.4085,19.1269,1.4213,5.109,4.5941,3.4831,3.3184,1.3434,6.723,1.9874,5.4761,0,0.6723,11.943,0,0,0,10.5248,1.9268,2.9901,10.6363,1.6201,5.1386,0.5268,1.2121,2.2321,0,1.9498,0,11.249,0,1.7746,0.5036,1.3569,0,0.6458,1.4833,1.042,2.6126,57.1695,0.664,4.0102,3.4682,8.6977,2.001,0.8368,13.2136,3.7755,5.0855,1.4548,0.4623,2.7858,6.0961,26.2018,0.401
SPOCK1,1141.21,12469.5,6438.16,9199.07000000001,241.426,1553.55,1137.59,41187.6,263.214,98.9195,9825.7,2490.9,1023.76,25318.3,2621.52,33774.3,19149.9,20469.9,373.033,808.621,14.0378,226.175,18112.5,11614.6,1237.88,4631.53,4631.36,8150.07,63986.4,1835.65,824.181,6781.18,543.232,1693.8,2913.32,695.853,10419.4,3519.43,9613.92999999999,6163.59,14707.1,481.696,13928.6,237.177,3209.94,6.2141,7855.67,29.0909,6571.43,420.642,3801.2,5766.36,25958.1,392.473,782.609,7777.13,1516.28,198.1,1029.57,2035.72,2054.3,7228.79,6764.41,9458.95,623.143,3234.68,5185.49,7771.9,1513.81,33983.4,39518.7,28682.4,16825.6,22765.1,1456.59,3.8384,3983.46,352.045
SYT11,83.0932,1490.94,42.0678,52.6723,271.046,95.4673,1779.94,168.63,74.5243,184.026,65.5216,121.359,109.728,52.1286,111.783,117.484,94.6006,121.281,63.4249,24.1379,299.653,68.072,126.605,124.413,31.4465,64.4321,285.047,100.921,75.2392,81.0569,83.2914,54.9683,145.745,81.192,62.0957,69.4732,84.52,97.9303,34.8331,109.059,86.6917,2123.31,2251.54,34.7088,297.016,44.9331,170.891,190.303,55.8036,68.8065,110.868,46.729,55.4669,26.8817,71.8722,59.6806,147.219,23.0665,175.285,44.5911,87.0623,476.214,133.898,17.3471,55.8307,68.2081,103.316,193.052,81.1715,23.7168,63.7755,145.382,125.929,206.195,41.2242,92.1225,168.137,357.658
MARVELD2,1.4409,122.802,34.3653,20.1394,6.7063,36.1011,0.4144,23.7986,12.1564,52.5788,1.9084,64.9272,0,59.8513,20.4219,51.8039,16.0643,0.7628,26.7794,147.845,11.8781,22.8371,28.6653,66.1972,0,34.5849,1.5576,62.7468,15.5667,11.6435,20.8228,36.4693,14.9058,13.8199,27.1669,38.0982,207.625,0,7.2569,95.8663,77.7882,4.817,74.0049,30.081,2.1601,79.8279,11.5108,0,0,12.7682,64.4457,22.4299,1.5962,37.6344,40.8163,30.3066,67.8426,0,0.615,58.6964,31.0275,21.6461,94.9153,35.2924,22.2122,39.3064,64.3921,127.82,35.9833,59.6307,0.8503,112.315,10.9503,91.5395,30.6059,79.2114,0.5513,24.8597
NAP1L3,1496.16,198.094,1023.85,535.244,71.5337,186.923,196.85,873.749,1379.49,3.5647,516.539,189.927,312.783,1084.27,1164.05,440.333,273.539,177.727,1028.42,4.3103,58.8508,36.4515,73.2557,551.643,819.09,435.864,934.06,1019.75,215.34,1191.22,984.046999999999,118.922,855.424999999999,310.084,482.536,797.822,6.4309,553.256,409.289,787.159,593.721,568.401,365.539,593.135,3414.61,169.216,784.062,36.9697,178.571,448.306,553.25,151.402,346.768,435.484,546.584,1136.26,40.0271,23.0665,1404.13,16.8354,904.429,91.6184,438.983,546.732,1327.93,8.0925,2018.26,42.7536,1141.42,1233.27,985.544,2135.12,332.03,35.5987,19.9875,19.1922,55.6781,589.816
CALD1,918.348,2718.16,3793.81,1293.57,2572.42,2197.35,10888.1,2329.2,2274.84,2059.49,2614.5,2947.82,579.751,2690.61,2107.21,4478.26,1942.44,2588.86,3063.19,1443.1,6305.13,1021.52,4834.08,3612.68,1254.53,2686.72,3273.1,2589.73,2693.69,2386.48,2826.53,975.159,4403.82,771.324,2887.45,435.889,714.745,909.641999999999,2415.09,342.568,2239.93,3383.43,3028.97,473.197,3145.13,1363.29,2883.01,2568.48,584.821,5689.66,3813.76,1964.49,1919.79,2247.31,3570.54,2875.39,2114.65,519.674,602.121,2049.82,2608.17,1212.69,2176.27,3123.07,3135.52,2326.01,4430.08,4543.78,3942.26,1910.22,2168.37,3397.38,3979.27,4765.14,2890.69,6408.44,3780.6,2447.87
BNC2,11.5274,12.0789,50.9554,192.099,170.451,228.64,801.492,16.659,9.5137,10.2484,26.0814,229.369,205.317,23.5544,32.2451,147.086,71.8429,27.46,30.0681,7.7586,895.719,148.88,67.6819,158.216,34.7762,77.6975,70.6127,10.5309,197.827,12.5392,154.492,4.7569,156.51,11.2287,77.6197,2.8013,3.2154,19.1822,7.2569,209.762,71.2277,156.069,83.7227,7.3274,25.9214,12.9063,42.5014,10.303,6.6964,65.2598,136.537,44.8598,7.5818,155.914,52.3514,44.7605,23.0665,4.0706,7.3804,61.8815,100.492,19.1291,71.1864,180.051,24.6135,30.0578,15.3772,31.7346,41.841,304.93,57.8231,94.0707,43.4102,60.564,39.975,506.674,54.5755,12.0289
ANTXR1,1749.28,1752.25,3377.87,1534.47,2026.97,1949.46,5242.02,3032.28,2117.34,2895.84,1644.4,1434.47,2111.43,2166.62,2373.77,2620.72,2766.62,1582.76,2765.33,4851.29,2695.26,5045.67,2676.62,1412.68,3147.61,1299.54,892.523,2896.88,1871.9,2180.47,1499.24,4079.81,835.55,2156.77,1399.74,896.429,1566.38,3565.88,1413.64,5329.82,2492.5,2083.82,2007.85,2869.26,2208.18,2512.91,2953.85,3193.33,1780.13,2216.71,1931.73,1209.35,2288.91,897.85,1541.26,2528.03,2284.26,2637.72,1439.19,1056.54,254.24,1796.12,1118.64,2045.16,1581.27,849.711,713.119,1500.34,1182.43,2501.78,2542.52,2445.84,3127.88,2037.91,1372.27,2411.59,916.758999999999,3753.41
DACT1,142.171,260.904,158.199,620.449,19.56,34.4966,443.017,179.17,51.797,4.0102,208.015,101.942,41.8552,138.237,63.4153,154.487,370.37,234.935,51.2098,100.431,554.493,447.519,109.087,28.6385,368.849,50.2191,39.46,435.717,75.8878,51.0524,53.0647,320.296,56.3106,38.8685,11.6429,35.8572,164.446,73.1954,104.499,216.359,164.948,53.9499,308.727,33.5519,22.1412,75.0478,290.869,484.849,8.9286,217.06,217.914,42.9907,351.157,53.7634,196.096,679.333,286.296,84.1248,188.816,439.54,31.0275,594.513,103.39,129.206,30.0165,23.1214,740.508999999999,53.3318,251.883,222.938,55.2721,588.94,440.36,57.3278,33.1043,646.951,22.602,70.1684
GPC6,371.758,31.0025,491.187,54.2215,8.9417,7.6213,3062.99,93.8345,399.577,20.0512,95.4198,75.8495,3.9593,8.1089,451.431,64.7549,65.5957,77.0404,94.9025,68.5345,146.857,299.956,208.619,54.9296,28.8568,504.086,556.594,107.503,18.8098,17.0175,13.4341,607.822,200.4,4.3187,93.1436,324.955,5.5122,357.9,78.3745,509.235,50.6092,70.3276,194.356,358.272,83.7046,7.6482,72.1638,226.667,1.1161,62.4224,93.9377,7.4766,17.1588,59.1398,245.785,75.5333,956.581,69.1995,342.575,5.9151,203.3,95.6456,33.8983,156.722,52.2287,10.4046,61.5089,178.948,261.925,8.1315,113.095,33.0673,147.438,35.5987,11.8676,30.7075,395.259,1198.08
ESRP2,232.949,78.9156,178.936,262.587,167.657,58.9651,163.697,171.69,236.786,315.027,251.908,302.791,157.24,168.742,169.287,274.746,183.846,359.268,150.341,96.5517,194.369,82.1256,237.683,176.526,176.101,212.247,71.1319,107.064,298.362,105.24,173.3,103.594,269.96,166.703,219.922,272.851,111.162,227.158,291.727,103.782,128.397,196.532,245.188,313.536,267.855,200.287,181.959,173.939,223.214,122.007,306.936,304.673,138.069,618.28,405.501,114.699,288.331,881.954,147.609,513.707,147.728,168.638,245.763,136.384,355.996,209.249,108.602,155.588,343.096,141.623,226.19,249.145,139.617,190.939,206.746,103.987,130.099,44.5068
CMTM3,631.124,676.016,90.0607,1462.43,1387.64,306.859,6512.64,1496.25,103.066,1760.05,749.364,571.602,674.774,1687.04,254.736,2935.25,1764.84,644.546,218.464,859.914,1152.72,1076.42,880.263000000001,337.559,821.31,202.772,1367.6,684.949,439.76,1328.71,274.055,26.9556,387.55,1083.14,526.52,1153.03,1735.88,854.114,2040.64,260.774,2182.76,1209.06,666.791,2432.32,159.849,2411.57,1765.14,1936.97,736.607,246.143,588.749,566.355,451.317,704.301,1084.29,566.033,827.001,1978.29,362.256,1587.53,181.997,1468.92,1033.9,220.129,534.294,557.225,571.841,305.887,295.397,885.651000000001,2550.17,1750.86,1485.73,390.661,277.327,427.113,395.259,270.65
FSTL1,6755.04,9798.82,5590.88,3278.85,2422.64,3173.69,16706.2,3107.08,2295.45,1185.7,2975.83,2677.18,5258.48,2758.57,18689.2,20190.6,2172.69,3839.05,1606.77,4816.38,6159.89,6122.53,18409.9,9151.17000000001,1687.38,1879.43,3558.67,4990.35,30741.7,2643.08,2757.35,6548.63,2957.14,4084.65,4292.37,2566.03,6655.03,2907.12,5570.39,5984.17,29726.3,13530.8,9939.08,3389.9,13794,4549.71,3259.32,8122.42,2866.07,5769.82,3998.36,3158.88,5920.59,1946.24,2202.31,2505.19,4654,14986.4,1725.18,14568.5,1739.86,4334.26,2574.58,14219.8,1766.77,1528.32,2833.25,4103.46,2530.54,978.486,19955.8,4101.48,7867.42,5739.71,4242.35,1675.3,3066.7,2937.05
MSRB3,132.565,3165.08,132.129,455.461,561.651,1283.59,372.565,2161.25,469.345,348,1375.95,248.18,303.167,1891.3,135.429,716.929,240.071,2800.92,140.005,2206.47,478.905,1324.55,1285.16,881.221,353.311,1636.86,1365.01,641.948,1430.84,128.527,3183.21,183.404,4343.37,1060.68,1508.41,7522.16,606.339,125.694,222.061,57.168,777.882,232.177,2073.63,442.73,145.808,3413.48,248.81,1528.48,42.4107,1388.19,995.085,1414.95,1595.37,1376.34,597.161,833.664,245.59,2879.24,35.6721,646.57,1261.01,117.795,230.508,513.235,1273.9,327.168,1007.69,1087.79,4993.31,258.174,426.871,628.848,306.609,1929.26,1426.61,236.587,186.88,133.52
GYPC,1092.7,245.202,117.909,246.321,2398.05,176.093,2919.6,100.294,311.311,265.122,502.545,827.67,2028.28,165.267,189.708,553.192,124.498,771.167,798.215,32.3276,4442.96,2005.71,668.856,707.981,1314.84,495.558,538.422,73.2778,524.08,176.892,1227.2,53.9112,924.157,303.174,791.721,139.507,509.876,916.709,269.957,54.0897,396.439,2275.53,80.7326,63.6329,139.328,176.386,316.99,649.697,1805.8,883.134999999999,2504.1,932.71,135.275,1091.4,1834.07,103.975,366.35,3626.87,99.6359,1966.56,686.311,884.47,1091.53,610.139,479.664,547.977,67.7559,877.991,929.707,128.748,86.7347,94.6408,196.715,1279.7,527.795,1893.4,744.763,131.115
HTRA1,1956.77,5977.45,4434.9,3398.14,207.336,4250.7,20253.6,3297.47,1209.83,16422.9,2293.89,4770.63,6382.35,4276.86,2445.79,17488.4,3122.27,5186.88,1393.47,4801.29,13598.3,4059.29,3491.19,1760.56,2560.49,10967.2,3920.56,3177.71,5326.41,2504.7,5655.75,2022.2,1498.86,2598.14,1659.77,2158.15,2033.99,3208.99,2721.34,2822.34,2304.59,3591.52,1910.67,1400.31,1426.76,603.729,2975.54,898.182,2058.04,1367.62,14629.2,2829.91,4978.45,440.86,2086.96,3550.06,3316.15,5423.34,3342.72,2323.74,1399.02,3336.02,5789.83,3803.2,987.543,10813.9,2748.2,2832.32,12238.5,2879.89,7944.73,3500,2359.41,2394.36,986.259,1144.55,2954.8,2425.02
AXL,357.829,356.328,363.205,185.902,257.633,192.94,825.114,130.212,266.913,2673.94,282.443,1368.33,277.149,216.623,190.783,367.252,124.052,764.302,239.605,220.259,642.499,180.94,895.790000000001,300.469,219.016,108.966,1725.86,310.224,313.28,235.11,195.466,1277.48,229.383,243.576,375.162,95.8058,102.434,309.945,169.811,125.33,146.673,705.202,174.921,67.1037,82.0845,126.673,410.404,727.273,168.527,213.513,561.988,162.617,764.166,655.914,420.586,112.367,244.912,678.426,66.4239,526.447,257.482,327.712,700,80.1555,187.303,460.116,203.268,581.361,279.498,147.721,91.8367,232.611,299.57,657.42,251.718,205.531,678.059,323.176
ANGPTL2,492.795,2441.15,500.074,2786.99,316.872,630.566,12024.9,4605.71,2220.4,224.128,1795.8,6288.84,1388.01,717.444,419.723,12575.4,1575.64,1255.53,523.843,471.552,8501.51000000001,665.349,3695.03,4200.94,311.506,4001.9,3259.09,666.959,2822.12,2044.78,2544.42,1625.26,1602.37,526.884,1349.29,4326.95,973.817,527.511,1227.87,871.152,462.98,1607.9,4251.17,368.685,1550.97,1743.31,729.607,1086.06,458.705,927.824,1557.07,3579.44,173.184,1672.04,1659.27,531.064,506.106,1702.85,1453.95,219.77,1006.77,1563.05,2864.41,178.855,941.318,3603.47,1084.57,1300.68,2486.19,275.792,5615.65,1301.03,881.111,5569.12,422.236,5659.6,11082.7,2035.69
ZEB2,819.885,377.265,1231.82,544.539,2395.26,727.236,1244.51,704.779,1153.81,528.462,491.094,692.961,436.652,890.82,2097,999.999999999999,678.269,797.101,789.758,729.31,2263.32,560.826,873.494999999999,918.309999999999,983.352,959.848,708.723,1364.19,489.703,766.682,808.732,553.383,977.983000000001,494.925,614.489,517.688,221.865,880.868,821.479999999999,1429.2,1030.46,1313.1,417.118,835.326,1709.73,1070.27,1031.99,859.394,845.982,941.302000000001,907.155,422.43,1513.57,575.269,620.231,1609.05,357.531,700.136,683.92,700.262,767.816,585.955,571.186,1546.88,613.537,551.445,651.129,857.276000000001,958.159,696.595,709.184,778.221,1191.24,967.175,858.214,1688.21,340.684,3650.36
PMP22,710.375,714.266,1344.39,476.375,715.337,747.292,2920.85,1157.63,279.598,1436.11,734.733,518.811,696.267,433.247,377.267,2564.29,810.352,601.831,450.082,581.466,788.816,358.805,1212.7,184.976,748.428,272.415,260.125,150.943,507.216,665.92,316.373,862.051,513.42,460.376,178.525,447.654,421.681,462.393,304.79,500.88,904.405,1798.65,519.529,224.836,632.915,296.367,794.687,1132.12,214.286,326.299,945.931,530.841,749.801,333.333,787.933,653.223,732.022,373.134,297.063,399.045,450.594,321.168,2450.85,230.298,415.428,343.353,659.779,342.469,332.218,399.797,1227.04,576.397,564.724,425.335,225.484,434.441,1328,797.113
COL6A1,3476.95,4396.32,5677.97,7171.96,1915.2,1506.22,45990.9,5542.02,1930.23,7722.85,2882.95,2863.47,1962.67,2586.35,912.535,19812.2,2396.25,4710.91,2009.87,797.414,8578.71,6655.69,8882.64999999999,13486.4,1962.63,7449.48,7578.92,636.683,6951.84,1682.04,4327.12,390.592,4684.55,753.185,1521.35,8913.3,2799.26,1071.18,4232.22,2824.54,4522.96,7292.87,3532.8,18185.5,4499.53,1826,1956.83,8698.79,2412.95,4339.07,12175.9,11940.2,2509.18,6311.83,6980.48,1198.27,7976.93,3402.99,470.503,2204.98,1684.75,5262.02,7266.1,1184.99,945.52,8544.51,1924.56,11571.7,6116.32,705.404,3125,1287.34,2039.5,5645.86,1097.44,4162.96,33562.8,4354.45
LOXL2,59.0778,362.339,564.657,296.545,153.669,821.139,10448.4,569.718,486.649,1157.18,204.198,154.733,354.514,269.111,246.675,428.307,140.116,156.834,248.001,220.625,657.077,429.073,404.499,244.568,263.74,580.258,663.489,228.157,317.172,682.476,493.575,136.892,691.387,221.119,377.697,124.94,474.029,318.98,245.283,706.631,455.464,777.37,872.241,285.372,357.991,247.132,358.579,1139.39,64.7321,743.386999999999,249.432,497.196,144.409,231.183,387.755,301.173,592.944,462.687,267.51,197.425,173.662,123.186,299.848,58.6212,567.912,398.844,523.287,519.143,219.247,88.0908,115.646,165.884,342.585,277.332,412.242,170.629,1082.68,1731.75
PCOLCE,357.824,4196.99,41312.6,1511.94,1431.22,6844.34,30978.6,150.604,17310.9,245.071,663.48,295.51,888.558,295.005,331.039,1421.8,1123.03,1018.28,109.467,140.086,2555.9,24794,4654.38,759.591,291.132,54280.1,395.597,130.32,265.283,6852.55,209.565,20197.4,3357.6,354.118,146.184,7020.05,14173.6,61256.5,378.81,44352.9,489.114,14004.8,1763.86,8678.24,1456.34,54971.3,864.177,38676.2,22078,502.21,1494.22,89730.6,93.759,11876.3,727.587,103.042,43894,72761.1,269.983,8109.63,212.557,533.597,183.051,6049.34,100.255,86.7052,186.905,386.105,11661,80.637,1503.35,474.909,1059.03,769.283,124.285,178.309,1673.64,650.758
PDGFRB,1077.33,2344.52,1088.43,1039.5,649.95,1094.26,29643.6,1454.1,1924.42,600.201,1603.69,1347.09,1528.28,1118.64,629.854,3157.26,1197.68,1379.86,757.811,315.948,4450.52,1344.31,1981.49,1435.21,544.58,1069.29,685.878,1491,1424.36,1473.8,1138.54,169.662,2182.86,1082.27,487.71,839.282,557.189,683.998,1239.48,762.093000000001,1071.23,3440.27,1658.01,480.91,629.135,642.925,3021.58,2149.09,318.08,3550.27,2250.68,1882.24,845.571,2145.16,1488.02,821.541,2748.98,679.783,750.96,793.994,847.005,663.479,752.542,470.166,1269.7,406.936,2168.19,2507.48,2269.46,430.29,182.823,2543.33,2867.03,1618.59,939.413,2425.89,3393.05,5196.47
EMP3,161.383,1474.43,119.686,5350.12,1371.43,64.1797,5728.55,5817.74,3746.3,3025.06,4120.87,1311.89,1109.73,1037.17,3957.54,3522.66,1694.33,2440.12,647.874,1159.91,3230.85,1700.48,1884.74,1226.76,1981.13,1470.57,857.736,662.571,7686.72,169.279,1897.57,75.0529,3177.41,1090.05,3166.88,2157.59,1461.19,262.494,8229.32,754.617,2554.36,1652.22,2387.59,95.2565,1346.83,432.6,2607.64,1286.67,965.402,2052.85,2280.72,4274.77,1241.02,11698.9,2629.1,62.4781,1904.34,97.6934,46.1277,4105.56,1519.42,2624.21,7437.29,183.042,6223.62,1719.08,197.982,2765.76,3030.96,23.7168,3109.69,2604.33,1592.49,1719.37,2004.37,1019.63,2034.18,7831.6
COL6A2,1215.66,8977.85,1359.8,6260.26,1839.76,2803.45,54591,2953.75,3237.32,12611.8,3461.2,1794.9,3928.73,2509.51,1835.28,12457,2329.32,1940.5,1056.14,1272.41,7022.68,4726.39,10029.3,3131.92,1933.78,3209.29,3251.82,1145.24,1455.49,2433.5,3416.96,285.412,3646.94,1422.59,721.863,1119.98,4245.29,1811.21,3172.71,1053.21,2785.38,10763,2264.25,7429.62,1607.13,4020.55,4623.35,6870.3,1037.95,3671.57,6229.93,6471.03,1740.22,3811.83,4527.95,1548.9,9811.4,3094.98,1103.99,2188.15,1761.62,3134.16,5035.59,1022.28,1046.38,3196.53,2759.25,6312.55,4244.35,580.722,557.823,2578.11,2833.4,1852.98,1156.15,3204.4,22984,7754.21
MMP2,208.934,1473.22,309.88,838.885,86.6228,225.832,25644.4,806.093,131.078,327.504,381.043,669.296,175.339,206.197,314.389,1580.94,522.088,395.881,38.055,242.672,1911.3,802.371,1127.9,399.061,59.9334,128.39,934.06,192.19,149.83,51.5002,257.935,169.133,437.235,100.194,228.978,144.549,82.2232,124.18,217.707,438.435,253.046,2152.22,448.514,1660.62,294.856,608.031,1078.47,4155.15,136.161,194.361,2360.46,540.187,3710.69,693.548,693.878,132.416,763.908,343.284,10.4556,676.146,134.761,649.383,954.237,260.805,206.514,536.416,341.663,1741,368.201,336.778,197.279,1444.13,413.766,810.911,141.786,209.718,1052.92,260.224
CNRIP1,268.972,78.1103,125.611,187.452,736.014,186.121,1833.4,256.345,81.3953,92.6813,185.114,274.272,80.8824,296.168,261.722,434.783,183.846,112.128,97.2516,99.1379,401.157,328.502,261.173,62.9108,95.4495,54.0092,153.167,114.524,325.604,50.6046,57.7666,21.1416,125.871,128.698,138.422,16.808,38.1259,164.563,65.312,192.612,45.4545,337.187,113.624,482.838,44.2824,288.241,139.458,101.212,44.6429,146.834,223.375,108.411,414.206,118.28,248.447,249.913,144.505,249.661,27.0616,105.108,837.743,47.3194,266.102,32.3015,123.668,112.139,679.481,121.649,88.7029,204.642,77.381,111.745,131.795,215.904,74.3285,95.612,190.739,246.592
POSTN,19.6926,2399.68,104.873,12.3935,28.5017,198.155,50646.5,59.4965,239.958,155.508,41.3486,7121.97,85.9729,273.772,444.982,1392.23,122.713,67.8871,3.7585,335.345,1015.58,5612.65,205.435,89.2019,62.8931,8382.33,261.682,13.6025,11.675,1047.92,10753.3,26.4271,3689.17,56.1434,15.5239,2661.83,103.813,160.02,240.929,43.0959,130.74,340.077,19.4356,531.816,69.6638,18.6424,945.656,541.212,35.7143,392.978,1515.02,192.523,39.9042,6580.65,399.29,368.341,2276.8,4503.39,115.012,113.298,10.6512,101.686,191.525,22.7307,50.4277,447.399,640.557,1565.58,1678.66,187.701,52332.5,162.486,268.674,486.824,66.2086,2094.04,18635.6,106.255
ADAM12,6.7243,40.6657,64.583,118.513,5.5886,307.661,2160.38,242.406,35.4123,42.776,12.0865,15.1699,85.4072,16.6039,17.7348,28.6772,107.541,6.865,4.2283,84.0517,26.9958,981.555000000001,64.895,7.5117,27.007,28.8997,84.1121,61.4305,12.9723,55.5307,41.6457,106.765,14.0777,63.9171,27.1669,5.0424,22.9674,22.7158,37.7358,564.644,59.5127,50.0963,30.6485,30.8523,66.9637,225.621,314.776,200.606,1.1161,39.7234,26.7613,44.8598,40.3033,10.7527,14.197,25.644,89.5522,146.54,67.654,1.365,1.3893,415.303,22.0339,2.3927,23.4129,33.526,127.343,56.4171,7.5314,44.0454,52.7211,24.5154,123.191,38.835,21.8613,7.3279,196.251,689.655
COL3A1,325.648,13903.6,1450.45,749.032,415.231,4035.7,238883,1856.29,3479.39,2000.22,4655.22,1188.71,3492.65,2651.99,4148.86,5841.81,2890.23,2521.74,1375.62,2761.64,38457.1,9278,7153.18,1446.95,1977.8,2428.52,5190.55,1892.94,827.631,3369.46,4456.09,366.808,2759.22,2041.03,684.347,440.931,2452.46,1746.59,2680.7,2361.92,5681.82,19595.4,2951.97,2730.04,5213.45,481.358,12072.2,84573.9000000001,290.179,9292.43,4661.39,3459.81,1679.97,1709.68,4392.19,3137.43,21402.3,1597.01,2166.77,2338.3,1320.75,787.314,3605.08,835.053,2394.12,1160.69,5913.98,5911.46,3023.43,272.404,834.184,8381.41,12617.9,2369.39,1326.67,4059.67,17755.8,10662
COL10A1,1.4409,4.0263,1.185,0,0.5589,0,138.417,0.34,0.5285,2.2279,1.9084,3.034,0,0.7723,1.0748,18.5014,4.9085,1.5256,0,2.5862,0.5399,4.3917,8.3607,7.0423,1.8498,0.4738,1.0384,0.4388,0,0,0.6717,0.5285,0,0,0,0.5603,0.4593,0,0,0,1.4058,7.7071,0.7475,0,0,0,5.7554,3.6364,0,2.128,2.7307,0,0.399,0,0,0,15.6038,0,0.615,0,0.4631,0,57.6271,0,0,6.9364,5.7665,20.2749,0.8368,0,1.7007,35.3478,3.1287,7.8595,1.8738,5.5832,1.6538,1.2029
SULF1,77.8098,692.122,7.7026,17.0411,10.6183,38.5078,435.557,21.7587,93.5518,603.32,149.491,31.5534,1.1312,174.148,73.0888,49.0287,193.663,176.201,5.168,58.1897,148.477,138.779,373.445,13.615,44.7651,106.123,287.643,17.5516,12.3237,188.536,58.4383,41.7548,191.291,17.2749,32.3415,5.6027,16.5365,23.2206,37.7358,7.0361,62.3243,22.158,41.1138,40.108,86.4048,51.6252,150.083,279.394,6.6964,74.4813,177.499,31.7757,28.332,91.3978,153.505,251.311,473.541,66.4858,146.994,63.7015,81.0421,36.748,111.864,46.0595,45.6251,144.509,268.621,931.323,107.113,2.0329,11.0544,189.282,180.289,304.207,14.366,187.386,196.251,30.0722
NID2,751.681,449.336,164.124,1461.66,325.255,1536.3,2899.71,189.029,640.592,630.946,500.636,171.723,169.118,135.534,890.501,609.621,944.221,202.136,313.366,187.931,613.344,1148,531.502,362.441,1461.34,394.173,457.425,326.898,71.9961,779.669,592.443,77.167,669.931,119.197,178.525,115.975,837.391,224.634,119.013,3131.49,1038.43,1170.52,180.153,198.226,262.454,444.551,650.36,1893.94,61.3839,466.749,452.212,267.29,1069.43,241.935,300.799,713.836,649.254,1910.45,390.548,139.233,120.405,573.874,228.814,116.046,241.933,180.347,1567.04,375.086,389.958,369.304,232.143,365.45,286.273,158.114,182.386,309.866,1070.01,7384.92
LRRC15,0,3.6237,17.7751,9.2951,1.1177,8.0225,370.908,1.0199,1.5856,2.6735,1.9084,20.6311,6.7873,0.3861,6.449,52.729,0.8925,3.8139,0,31.8966,48.5924,50.5051,62.1081,8.4507,4.8095,0.9475,0,0,0,5.8218,2.0151,3.1712,15.7338,0.8637,0,1.1205,18.3739,10.0959,2.9028,9.6746,1.8744,39.499,0.7475,13.1122,3.2402,0.478,3.9845,0,5.5804,0.7093,2.7307,0,1.9952,0,0,1.3988,1.3569,0,1.8451,0.91,0.4631,10.5714,38.9831,1.1964,0,68.2081,0.4805,153.825,6.6946,0,5.102,0.5701,1.1732,5.5479,0,14.6558,1.1025,6.4154
COL8A1,39.8655,59.1867,13.6276,0,12.2948,61.3718,341.898,41.8176,13.7421,716.498,28.626,6.068,117.647,29.3465,46.7553,33.3025,36.1446,46.5294,16.9133,97.8448,21.5966,27.2288,54.5436,4.6948,31.4465,11.3704,13.4995,106.187,81.7253,34.4828,12.7624,2.6427,19.8743,17.2749,18.1113,4.4821,79.0078,45.4316,11.611,21.1082,37.4883,300.578,6.7277,56.3054,58.3232,2.3901,49.1422,24.2424,16.7411,79.4467,77.5532,0,31.9234,5.3763,20.4082,179.508,88.8738,5.4274,27.6766,80.5369,43.9943,11.0748,25.4237,28.7124,4.8026,10.4046,107.641,105.341,76.1506,7.4538,11.9048,26.2258,124.365,31.9001,8.7445,118.643,1.6538,14.0337
FAP,60.5187,31.0025,10.6651,34.0821,11.1771,34.0955,3119.35,24.8186,82.4524,302.551,9.542,10.9223,54.2986,33.9801,27.4083,414.431,91.477,40.4272,3.2887,210.776,9.7185,142.292,549.816,23.4742,25.5272,166.292,147.456,15.3576,0.6486,237.797,15.4492,8.4567,24.0148,19.0024,24.5796,193.853,207.166,10.6007,23.2221,1025.51,32.8022,112.717,463.465,23.5249,16.7409,28.6807,89.43,1636.97,5.5804,124.845,46.9689,289.72,0.399,10.7527,73.6469,15.8527,86.1601,1871.1,339.5,15.4704,10.6512,41.782,40.678,29.9088,33.0182,53.1792,23.0658,275.033,31.7992,7.4538,398.81,63.2839,110.677,229.311,30.6059,1.3958,117.42,10.826
VCAN,167.147,4850.89,177.159,51.1232,44.7085,94.2639,7596.35,9610.90000000001,176.533,5121.09,1390.59,21.8447,109.728,1049.14,477.227,3828.86,580.544,1387.49,36.1757,125,302.892,3804.13,3548.92,51.6432,269.33,178.609,169.782,213.251,1972.43,145.992,73.8875,357.822,200.4,1494.28,53.0401,10.0848,131.373,7638.57,460.087,1354,711.809,2274.57,7117.92,1022.75,336.978,14.8184,2000.22,392.727,723.214,1039.9,1322.77,310.28,30098.6,1016.13,851.819,330.575,1482.36,2488.47,120.547,6080.76,278.785,5664.74,183.051,2483.03,62.4343,129.48,765.017,887.247,1051.88,16.9405,1119.05,2103.19,3225.66,696.717,79.3254,142.72,189.636,33.6808
ITGA11,47.5504,283.854,123.834,361.735,27.384,44.5247,3347.7,29.5783,124.736,120.753,131.679,6.068,78.6199,118.93,36.5444,70.3053,83.4449,106.789,759.22,14.6552,127.42,71.5854,134.567,6.5728,48.8346,615.895,57.1132,154.454,116.75,47.4698,3.3585,8.9852,58.7949,65.6446,37.5162,31.375,41.8006,20.1918,168.36,51.4512,124.18,111.753,184.638,57.8481,288.916,1.912,215.606,127.879,22.3214,208.548,161.114,22.4299,87.7893,118.28,278.616,56.4168,227.951,59.7015,51.048,146.513,85.2099,73.4961,45.7627,95.7081,1137.03,18.4971,298.414,176.304,227.615,6.7762,19.5578,103.193,149.003,432.732,34.9781,100.148,117.971,34.8837
INHBA,1.9212,43.0815,10.6651,30.9837,1.6766,1.6045,104.02,7.1396,28.5412,8.0205,5.0891,7.8883,1.6968,27.8019,12.898,24.0518,24.5426,1.5256,1.8793,4.3103,4.8592,3.0742,12.7401,24.4131,3.3296,47.8503,18.1724,14.9188,31.7821,15.674,1.3434,0.5285,4.1405,3.455,23.2859,3.3616,2.7561,3.5336,13.0624,51.0114,1.4058,2.8902,20.1831,4.2422,14.0408,0.956,11.5108,25.4545,1.1161,3.5467,7.6461,18.6916,88.1883,21.5054,13.3097,20.9815,14.9254,4.0706,0.615,13.1953,2.7786,9.5646,6.7797,4.1872,12.6069,6.9364,30.2739,43.6351,10.0418,27.7825,9.3537,80.3877,29.3312,41.6089,3.7477,11.8643,1.6538,4.4106
SPARC,42260.3,77375.5000000001,46215.4,42732.8,40137.6,174089,86213.0000000001,153503,77457.7,6548.74,70500,28276.1,319284,77315.6,96084.3999999999,108447,64637.2,27575.9,42166.3,184191,71691,223527,177667,85911.2999999999,23009.2,107039,36630.3,107385,46038.6,112219,111847,111455,101879,80557.1,48719.3,61057.4,132458,44417.5,85085.5999999999,106403,105324,63006.7,74469.8000000001,73221.8,90601.9,58245.2,138677,129302,23430.8,84495.8,52699.1,59129,52331.6,30075.3,48043.5,49879.5,88711.7,52613.3,377020,41723.1,29567.4,26509.4,34642.4,15101.5,53946.3,51086.7,40577.6,63218.5,92719.6999999999,85795.7000000001,278804,64624.3,79036.4,28609.3,55261.1,31870.5,30250.3,163211
OLFML2B,120.557,313.246,79.3956,147.947,136.361,671.079,5179.03,188.349,244.715,569.01,181.298,140.777,704.186,206.584,735.187,286.772,497.546,543.097,66.7136,107.328,698.11,511.638,623.072,119.718,69.9223,361.483,617.342,215.884,44.1057,581.281,292.191,548.097,536.607,598.575,165.589,77.8773,248.048,129.228,211.901,213.72,134.958,3283.24,148.01,80.216,514.108,448.375,1455.23,804.848,30.1339,285.157,276.352,250.467,62.6496,161.29,386.868,260.636,1053.6,571.235,859.206,217.04,171.346,198.339,374.576,328.997,195.107,168.786,381.547,357.015,330.544,182.958,129.252,469.783,439.578,242.718,181.761,247.056,1300.44,1192.86
AEBP1,471.182,1758.69,251.815,493.416,163.186,272.363,4480.31,198.548,458.245,482.567,1776.72,121.966,257.353,1121.73,537.418,1329.32,1164.66,1879.48,128.729,284.914,5666.95,1260.87,2505.42,125.822,349.242,317.423,467.29,401.053,196.53,398.119,75.9026,111.522,879.439,328.223,146.184,51.5447,202.572,219.586,976.778,201.847,565.605,2250.48,763.222,562.283,457.945,67.3996,3237.19,652.121,281.25,1205.89,5230.48,289.72,540.702,3827.96,3104.7,337.568,1502.04,1230.66,67.039,1198.5,484.863,474.704,366.102,1464.33,86.4475,172.254,1422.39,1739.23,2189.96,6.0986,53.5714,3071.84,1612.05,469.256,181.137,2228.74,2334.62,611.869
ADAMTS12,77.3295,95.826,45.0304,27.1108,1.1177,362.615,549.938,1.3599,16.3848,0,17.1756,10.9223,16.9683,80.3166,10.7484,18.5014,9.3708,28.9855,53.5588,1.2931,17.2773,15.8103,43.396,4.6948,2.9597,23.2145,68.0166,21.0619,81.7253,26.8697,114.19,0,11.5934,0.8637,1.2937,2.8013,69.8209,2.0192,5.8055,7.0361,72.1649,20.2312,92.693,3.0852,16.2009,0.956,16.8235,134.546,63.6161,32.6299,13.1076,7.4766,83.3998,0,11.535,107.239,56.9878,0,14.1458,2.2751,22.2287,91.115,3.3898,13.1599,22.2122,0,25.4685,83.7442,10.8787,4.0657,4.2517,8.5519,21.1185,15.2566,10.6184,32.8012,81.0364,208.099
ADAMTS2,9.1258,58.784,44.4379,37.9551,15.0891,37.3045,905.097000000001,4.4197,25.37,50.3509,24.173,6.6748,21.4932,49.4256,35.4696,27.7521,12.9407,16.7811,13.6246,20.2586,40.4936,37.3298,76.4407,2.3474,36.256,113.23,105.4,26.3273,14.2695,68.5177,65.1553,4.2283,46.3735,13.8199,5.1746,3.9219,20.2113,15.1439,15.9652,14.9516,34.6767,232.177,27.6584,42.8076,76.6842,3.3461,65.0802,60,23.4375,109.949,73.7302,9.3458,11.5722,26.8817,38.1544,38.2329,84.1248,9.498,3.6902,78.7169,19.9132,12.5849,10.1695,11.9635,3.602,10.4046,66.7948,109.749,40.1674,4.7434,7.6531,51.8814,234.65,13.4073,52.4672,93.8672,191.29,156.776
COL1A1,485.591,4269.09,1164.86,1531.37,376.111,3798.64,256708,1142.67,5988.9,3584.27,5316.79,324.636,3580.32,4991.99,6823.59,6393.15,3494.42,2560.64,607.94,3743.97,10012.2,11257.4,5608.84,576.056,2920.83,2583.44,5039.46,1651.6,1079.29,2871.92,3144.25,505.285,3557.51,1638.52,1249.68,346.246,1953.61,2284.7,5281.57,1181.62,9926.42999999999,17257.2,3330.22,5011.57,6000.81,473.709,21232.1,11292.7,390.625,8394.4,4401.97,2938.32,1218.68,2177.42,4558.12,4175.78,40308,3393.49,1631.08,3262.43,1399.02,937.327,2352.54,1104.83,2390.51,2404.62,12172.5,8958.86,2871.13,28.4601,987.245,16948.1,12495.9,2709.2,2101.19,1154.67,19640.6,6020.45
COL1A2,784.822,4204.27,1209.3,809.45,1569.83,3147.61,246765,1727.44,3860.47,8270.91,4138.04,862.864,2834.84,3470.22,3748.49,4609.62,3345.38,3235.7,982.382,2253.88,65971.7000000001,7202.02,5576.59,933.333,1570.85,2492.48,3793.35,1570.86,12086.3,2749.22,3933.5,445.032,3879.64,1496.01,1288.49,550.183,1960.96,1779.4,3788.1,1188.21,5239.46,14958.6,2395.81,2623.22,3701.36,698.375,10423.5,7715.15,387.277,5910.98,5239.21,3499.07,1224.26,3043.01,4001.77,2853.95,19938.3,2023.07,1877.71,4038.68,1356.88,1225.77,1823.73,1364.44,1785.98,1391.91,7805.38,5938.34,2623.43,144.333,805.272,10197.3,10716.5,2513.18,1623.36,14733.7,17438.8,8614.27
COL5A1,382.325,1420.88,1292.25,6329.98,114.566,615.724,37218.8,1093.72,2530.13,5805.95,1583.33,284.587,2177.6,1434.5,1725.65,1586.49,1051.76,649.123,242.894,1619.83,635.48,7923.14,1643.48,677.465,910.47,875.044,1233.13,2516.89,1461.33,511.42,737.531999999999,43.3404,887.72,906.932,227.684,401.152,556.27,1024.73,2420.9,2762.09,1706.19,2103.08,2643.99,1890.86,1563.39,1781.07,7575.43,8007.27,293.527,1784,908.793,1514.02,1192.74,892.473000000001,1133.1,1717.68,6348.71,7781.55,202.347,678.421,301.013,1247.92,564.407,421.116,1149.63,415.029,3636.23,1628.6,1030.96,432.322,1812.07,3873.43,2140.79,723.532,519.675,331.85,3450.39,1574.18
THBS2,600.865,1757.88,235.224,154.144,435.908,181.308,6388.73,80.9153,405.391,84.6608,1152.67,37.0146,196.833,622.84,426.71,648.474,514.949,669.718,474.982,352.155,1469.65,618.797,1244.15,146.009,369.589,137.866,104.361,352.348,2021.73,292.432,84.6348,36.9979,320.474,211.617,73.7387,73.9554,210.841,191.822,603.774,238.786,670.103,940.27,662.306,234.477,729.04,41.109,1764.25,387.879,131.696,1938.64,1303.11,162.617,308.061,1053.76,947.649,340.832,1398.24,215.739,165.445,860.425,382.982,243.141,313.559,547.331,196.908,160.694,2000.48,799.096,1271.97,46.7559,34.8639,2292.47,2267.5,438.743,319.175,230.655,697.905,123.095
COL5A2,311.239,2396.05,163.531,175.058,200.071,478.54,17081.2,273.004,524.313,328.84,325.7,509.102,199.661,401.583,319.226,1457.91,189.201,409.611,149.871,3882.76,3359.89,610.013,1971.53,684.038,136.515,827.194,949.117,189.118,274.363,5577.25,1237.28,46.5116,647.572,228.029,243.208,102.529,6301.33,207.976,455.733,2869.39,615.745,1090.56,144.272,195.526,311.057,167.782,676.48,1290.3,161.83,581.663,340.797,1336.45,124.501,360.215,411.712,361.348,1361.6,461.33,191.276,394.949,137.54,100.176,174.576,160.311,231.127,534.104,567.035,1147.74,258.577,136.88,2731.29,408.21,835.745,693.481,282.948,770.13,2110.25,1534.48
COL6A3,106.628,1489.73,717.523,104.57,150.332,837.144,109149,360.039,761.628,8858.64,2097.96,663.228000000001,686.086,549.088,699.18,3510.64,978.580999999999,692.601,671.835,482.759,1390.82,1834.87,3104.21,410.329,786.163,831.458,675.493,379.114,295.119,819.525,1929.14,44.926,1333.24,512.2,252.264,212.342,809.83,744.573,891.147,464.38,1580.13,6915.22,695.197,413.035,945.052,150.096,2767.9,3598.18,237.723,3668.74,1487.71,2659.81,341.58,1693.55,1519.08,702.18,2713.7,556.309,400.389,308.952,423.734,241.128,711.864,163.9,764.22,453.179,1335.9,1924.35,933.054,367.949,181.122,1420.75,3779.04,559.871,693.941,1274.36,5296.58,7328.79
FBN1,1519.21,3341.43,606.725,753.679,229.69,2612.92,7752.18,3771.06,1778.01,1047.57,1147.58,1696.6,2149.89,529.009,1142.01,2520.81,629.183,723.875,214.235,1220.69,3372.85,2383.4,4078.83,3218.78,725.12,1563.9,1077.36,1470.38,572.077,2351.1,5108.98,1232.03,846.316,1811.27,420.44,819.112,1870.46,468.45,502.177,3838.61,1328.96,1840.08,1413.57,608.176,525.989,1322.66,1544.22,2004.24,343.75,1016.49,895.685,598.131,2500.8,354.839,431.233,1065.39,1128.9,2008.14,175.9,225.685,340.84,562.799,505.085,183.042,643.554,1184.97,1684.29,1879.4,930.544,632.899,2759.35,2110.03,827.141,1180.31,542.786,3514.61,1345.64,3136.33
CDH1,14.8895,10.871,23.7002,41.0534,0,0,2.0721,0,2.6427,12.4763,3.1807,1.8204,0,1.5446,0,1.8501,8.4784,2.2883,0.9396,0.431,2.6996,0,2.7869,0.4695,0.37,0,2.0768,1.3164,1.9458,36.2741,0,0.5285,0,0,9.0556,0,0,0,0,0.4398,0.4686,4.817,0,419.977,14.0408,1.912,1.3282,0,0,0,0,0,7.5818,0,2.6619,0,0,2.7137,0,8.6452,6.4834,1.5102,1.6949,0,2.4013,0,0.4805,2.2038,20.9205,0,1.7007,0.5701,3.5197,13.8696,1.2492,246.707,8.8203,1.2029
CDH2,5062.44,31.0025,1537.55,28.66,3.912,16.0449,1184,678.941,42.8118,4.4558,141.221,226.942,1940.61,1106.28,55.354,427.382,592.593,148.741,40.404,5434.91,357.964,664.032,560.565,41.3146,2519.79,11.8441,12.9803,68.4511,604.508,9556.20000000001,20.8228,9678.12,23.1867,1426.04,6.4683,102.529,7902.62,3504.29,14.5138,226.473,1260.54,151.252,3880.4,4366.37,46.4426,2.8681,802.214,47.8788,2362.72,4.9654,924.631,11.215,2775.34,37.6344,16.8589,155.729,1840.57,487.11,2794.11,3788.42,181.997,1077.27,111.864,5521.16,7.8043,201.156,51.8981,985.536999999999,6.6946,8.1315,551.871,1415.05,410.246,7.8595,5.6215,748.146,28.1147,8.4202
FN1,1558.6,20085.6,7744.63,17322.2,787.429,4197.35,211643,13658.7,8735.2,67720.2,5442.75,3445.39,3880.09,14589.1,5138.25,3988.9,6170.91,5800.15,1263.8,6089.66,10484.6,14092.7,6612.92,2783.1,4298.93,18745,10745.6,7148.75,11430.5,5454.55,28818.8,1036.47,4871.7,4698.77,4950.84,894.748000000001,5414.33,4547.7,3550.07,6742.74,12980.8,7659.92,10686.6,6576.55,7794.25,1807.36,12840.7,35541.2,812.5,6611.1,5949.75,8198.13,2929.37,1064.52,9579.41,5415.55,18017.6,2461.33,5243.8,3175.07,2536.85,2046.82,2830.51,3691.94,3850.52,3324.86,15549.3,12979.9,9071.97,109.097,3573.13,4551.31,21220.2,6639.39,3875.08,4311.26,4914.55,8548.52
VIM,13573.2,96328.4999999999,17447,29572.9,60978.7,5332.21,59755.4,60831.1,23576.2,41421.5,32542.3,18569.9,29557.9,37672.3,50575.3,63880.2,37955.4,40966.9,4008.17,30809.9,33991.4,35675.6,23749.8,9598.52,12688.5,22863.4,5889.85,18314.5,22728.8,6814.16,23261.8,846.723,12806.2,31397.5,20469.2,8713.47,45732.7,15646.4,28657.1,51649.4,57097.3,38958.6,20006,20668,24202.7,50513.2,84334.8,47781.3,5061.19,36413.2,25276.6,32811,71587.6,15161.3,13045.3,8125.36,17018.1,59449.1,14432.5,6659.54,4154.45,85407.2000000001,36227.7,5699.57,14107,28594.4,42922.6,37436.5,16640.7,31140.3,60411.6,28293.4,65883.8999999999,31294.4,14112.8,5134.11,13461,88501.7999999999
A2M,10373.7,9844.91,7201.84,2939.04,9586.96,10537,30151.2,14153.1,7462.87,3314.12,7311.62,9483.45,6918.39,8673.69,8002.49,15142.3,6719.6,29166.2,7452.15,2386.2,130879,7061.02,12781,8270.32,6255.7,7941.7,22584,7038.1,11340,6257.94,4443.24,9170.58,17953.1,5351.55,9685.38999999999,3213.41,3569.48,4283.42,7399.04,3302.11,3121.72,14473,3253.04,3559.92,5243.51,4842.72,9669.37,9098.7,2371.56,15771.6,11523.3,12134.1,2253.69,7851.88,16494.5,8442.83999999999,5449.69,5242.16,11662.9,7473.86,12384.5,4774.19,19206.7,1728.03,8431.58,10925.9,5466.01,17378.2,8700.31,4777.5,2908.68,5568.19,7160.22,16095.6,6905.67,289140,17888.1,11799.5
ACVRL1,203.17,427.996,276.7,178.156,419.701,439.631,3811.02,328.081,410.148,209.424,675.572,264.563,483.032,315.088,245.062,720.629,241.856,370.709,422.363,215.948,1220.21,249.89,404.499,292.488,158.713,270.994,305.815,256.253,423.545,485.893,335.18,81.9239,529.154,254.805,221.216,133.344,785.944,207.471,310.595,150.835,178.538,1225.43,141.282,158.889,274.335,223.231,354.178,440.606,195.312,605.072,589.295,371.963,123.703,612.903,777.285,293.274,368.385,371.777,154.989,373.564,394.096,467.657,481.356,157.918,654.36,327.168,206.631,507.754,296.234,275.792,68.0272,183.58,278.06,658.345,395.378,580.302,528.666,259.022
ADCY4,99.4236,143.336,27.2552,79.7831,296.753,103.891,140.903,130.212,67.1247,19.1601,147.583,111.044,89.9321,69.1186,80.6127,225.717,28.5587,89.2449,71.8816,6.8966,393.598,84.7606,130.188,80.7512,49.9445,165.818,61.2669,57.0426,75.8878,47.4698,38.2872,11.6279,245.117,57.0071,31.0479,18.4888,33.9917,30.7925,46.4441,29.9033,46.8604,387.283,15.698,40.8793,22.1412,88.4321,55.3403,137.576,69.1964,190.814,155.107,162.617,31.9234,80.6452,99.3789,55.0181,146.54,105.835,26.4466,57.7864,75.0218,77.5233,76.2712,30.507,64.2353,78.6127,26.9101,207.597,66.9456,50.8216,14.4558,45.0399,41.8459,228.849,71.8301,176.568,173.098,52.927
APLNR,33.1412,264.125,39.6978,40.2789,125.743,334.537,667.634,170.67,126.85,97.1371,321.883,300.364,260.181,124.722,160.688,647.549,77.1977,153.318,232.558,6.0345,2945.24,221.344,734.946,482.629,169.071,316.475,258.567,177.271,61.6183,0,165.911,1.0571,706.367,171.021,7.762,117.096,0.9187,162.544,304.79,9.6746,144.798,1015.41,13.4554,13.1122,59.9433,92.7342,192.584,290.909,34.5982,381.628,298.198,611.215,318.835,150.538,881.1,36.3679,530.529,158.752,2.4601,121.033,167.641,90.6116,227.119,10.169,60.033,160.694,86.4969,401.972,408.368,14.9077,12.7551,106.614,81.7364,1141.47,34.9781,493.414,686.329,93.4242
CALCRL,120.077,504.093,187.232,141.751,241.985,655.435,541.649,636.103,200.317,77.5315,282.443,504.854,224.548,299.257,332.662,1156.34,195.448,223.494,411.088,110.345,335.287,252.525,844.828999999999,377.465,268.96,408.386,383.697,340.5,257.5,300.045,292.191,32.241,737.007,160.656,131.953,85.721,116.674,180.212,182.874,130.607,268.041,492.293,99.4207,119.167,250.034,125.717,344.881,576.364,78.125,812.201,249.044,411.215,280.926,161.29,559.006,457.862,339.892,81.4111,137.153,80.0819,309.349,144.475,393.22,36.4887,332.583,327.168,183.085,952.92,307.95,425.546,588.435,183.58,262.808,1150.72,209.244,240.775,428.335,446.271
CDH5,484.15,1290.43,596.652,451.588,1449.12,1259.93,911.314,1656.38,480.973,259.329,988.55,564.927,696.267,568.781,763.671,1421.83,318.161,1073.23,954.193,243.535,2812.42,707.51,1132.28,1001.88,496.485,1019.54,975.597,785.871,1130.53,1015.67,960.536999999999,102.008,1999.03,603.757,677.878,322.714,344.511,559.818,670.537,326.737,553.421,2657.03,252.663,305.823,471.986,978.967,852.684,1437.58,263.393,2152.86,1027.31,1044.86,429.769,897.85,1340.73,770.253,768.657,450.475,454.512,520.077,651.578,457.085,1306.78,185.434,1039.17,1344.51,600.192,1633.01,893.723999999999,529.222,226.19,351.767,678.921,1269.07,873.828999999999,1137.22,1754.69,1583
CLEC14A,463.016,766.608,213.894,137.878,710.866,528.68,811.438,1103.92,209.302,152.389,669.847,372.573,423.642,645.236,410.05,861.24,354.752,518.688,560.489,130.603,1404.32,407.115,855.579,336.15,215.316,451.972,522.845,394.471,448.192,218.092,245.172,61.3108,857.081,291.082,230.272,143.989,114.378,246.34,373.004,114.336,286.317,1418.11,115.119,195.141,214.932,591.778,664.084,896.97,85.9375,821.422,584.38,592.523,156.025,381.72,969.831,433.151,537.313,210.312,148.839,301.672,653.431,262.774,966.102,147.151,470.659,677.457,252.283,811.437,341.423,216.161,90.1361,262.258,233.086,765.603,231.106,486.784,989.526,395.75
CLEC3B,511.527,95.4234,61.028,236.251,692.982,237.465,1009.53,351.88,211.417,72.6301,794.529,323.422,287.33,505.454,203.144,1075.86,122.713,504.958,322.293,73.2759,460.548,348.265,1054.24,92.4883,56.2338,139.761,38.9408,93.462,210.799,53.2915,55.0798,29.5983,170.588,278.126,104.787,43.1406,76.7111,101.464,306.241,56.2885,114.808,1485.55,253.411,39.3367,2451.73,344.168,195.241,138.788,489.955,446.178,1760.24,162.617,108.54,811.828,1989.35,184.637,571.913,360.923,28.9067,1083.38,331.115,96.6524,420.339,201.585,46.2254,272.832,154.253,404.616,472.803,31.8482,1079.08,164.196,167.775,507.166,94.9407,1034.98,94.2668,123.095
CNRIP1.1,268.972,78.1103,125.611,187.452,736.014,186.121,1833.4,256.345,81.3953,92.6813,185.114,274.272,80.8824,296.168,261.722,434.783,183.846,112.128,97.2516,99.1379,401.157,328.502,261.173,62.9108,95.4495,54.0092,153.167,114.524,325.604,50.6046,57.7666,21.1416,125.871,128.698,138.422,16.808,38.1259,164.563,65.312,192.612,45.4545,337.187,113.624,482.838,44.2824,288.241,139.458,101.212,44.6429,146.834,223.375,108.411,414.206,118.28,248.447,249.913,144.505,249.661,27.0616,105.108,837.743,47.3194,266.102,32.3015,123.668,112.139,679.481,121.649,88.7029,204.642,77.381,111.745,131.795,215.904,74.3285,95.612,190.739,246.592
COL15A1,12658,1482.08,713.968,1784.66,374.434,936.221,14644.8,758.496,1235.73,209.424,5236.64,938.714,748.869,646.394,607.819,3049.03,2101.74,3530.13,290.815,2907.33,2976.55,2071.15,967.851,1239.44,3925.27,1596.59,1884.74,587.538,8250.36,852.217,1557.68,421.247,3166.64,3093.93,2589.91,736.753,2233.81,192.327,2081.28,11073.4,1849.11,920.038,2969.91,1808.33,309.977,1483.27,938.572,1826.67,454.241,2825.32,1163.3,1895.33,415.403,1096.77,1335.4,1111.09,7531.89,7219.81,859.206,2849.28,466.339,2058.9,1020.34,1601.91,543.899,526.012,536.281,986.859,3705.44,33.2035,184.524,988.597,3405.94,3264.45,1093.07,228.213,2520.4,2442.26
EBF1,61.9597,63.6156,357.28,482.572,546.003,351.384,610.443,194.469,300.211,35.2011,862.595,244.539,155.543,437.494,268.709,1127.66,404.284,1210.53,136.716,39.6552,800.154,290.294,217.776,1563.38,177.21,460.5,407.061,499.781,4465.06,220.331,1459.61,407.505,1673.58,259.123,1199.22,1113.81,22.508,65.6234,1354.14,99.3843,793.814,312.139,816.296,13.4979,932.631,467.017,139.9,103.03,37.9464,337.649,494.265,801.869,41.5004,865.591,185.448,290.477,91.5875,218.453,43.0525,278.467,242.663,621.697,223.729,345.147,845.865,197.688,707.352,451.337,539.749,611.215,1173.47,216.077,615.174,354.138,1312.93,730.699,143.33,614.675
ECSCR,48.511,63.213,116.723,37.9551,63.7097,73.8067,114.38,70.7159,32.241,22.7247,52.799,42.4757,183.823,81.0889,40.3063,119.334,31.6823,68.6499,79.3986,24.1379,206.248,48.3092,75.2463,43.662,33.2963,36.9537,23.8837,46.5116,74.5906,54.635,43.6608,11.6279,124.215,104.513,55.6274,12.8862,45.9348,48.9652,56.6038,26.3852,32.8022,297.688,32.891,18.897,29.1616,64.5315,45.1577,102.424,25.6696,132.648,66.0841,110.28,19.9521,86.0215,162.378,64.8094,52.2388,52.9172,13.5308,49.5962,77.8004,25.1699,77.9661,5.3836,61.834,73.9884,32.6766,120.768,29.2887,10.1643,17.0068,14.2531,56.316,112.806,40.5996,65.6024,102.536,55.7338
EDNRB,275.216,994.497,259.517,510.457,798.606,946.25,1257.36,2004.86,327.696,254.428,676.209,568.568,707.014,596.583,300.416,728.03,2737.17,614.798,1223.4,704.741,777.478,619.236,468.2,365.728,1977.06,579.889,514.538,469.943,671.964,3396.33,147.775,3024.31,243.461,439.646,138.422,129.982,548.002,784.957,197.387,1705.8,535.614,681.117,427.584,1427.3,367.76,371.893,588.821,1422.42,1401.79,995.212,1080.83,381.308,1037.11,747.312,701.863,2472.55,507.463,245.59,3251.7,1024.68,873.402,949.912,745.763,390.01,688.579,598.844,278.712,651.001,389.958,1790.95,150.51,1098.06,563.942,431.808,439.725,602.286,234.84,1641.54
ELTD1,265.13,703.798,523.182,193.648,651.627,705.977,529.217,748.636,332.452,116.297,408.397,444.782,467.76,658.365,655.112,856.614,224.9,454.615,758.75,196.983,864.404,306.104,363.094,405.164,326.304,409.333,521.807,552.874,625.912,542.32,450.714,97.2516,1241.32,399.914,381.63,132.223,201.654,449.268,386.067,204.046,343.486,2000.96,275.836,255.688,367.22,614.723,446.264,920.000000000001,206.473,1439.26,423.812,932.71,197.925,451.613,685.004,526.402,406.377,237.449,272.461,211.58,573.778,299.018,738.983,104.681,704.788,609.249,291.206,744.882,424.268,454.684,122.449,205.815,524.052,740.176,595.878,806.421000000001,1151.05,757.418
EMCN,170.509,385.72,16.5901,79.0085,420.26,306.057,282.636,533.089,60.7822,19.6057,501.908,410.801,171.38,209.287,62.8779,1178.54,265.953,231.884,778.482,100.431,870.343,140.536,545.436,338.498,120.237,408.386,129.803,163.668,194.584,221.675,110.831,27.4841,864.534,94.1481,28.4605,39.779,97.8411,86.32,84.18,93.2278,113.402,483.622,86.7128,106.826,130.147,130.019,227.56,3804.24,227.679,222.025,1126.71,327.103,504.788,467.742,998.225,226.6,266.621,215.739,129.158,219.315,329.262,157.06,732.203,70.5847,127.87,380.347,130.226,528.029,410.879,256.819,90.1361,168.757,236.996,591.308,66.8332,640.67,199.559,242.983
ENG,2409.22,4544.49,1601.54,1325.33,2405.88,3203.76,6930.38,3490.23,1381.05,3253.2,2548.98,2327.06,3215.5,2896.03,1838.51,5970.4,2117.8,3165.52,2297.39,1194.83,7004.86,1578.83,3383.3,1632.86,905.29,2959.61,1982.35,1863.53,3539.46,2569.19,912.846,553.356,3964.93,2237.96,1648.12,693.612,594.396,2103.48,2325.11,1537.81,1154.17,8535.65,1249.1,1087.15,1385.72,1886.22,3046.37,1808.48,1167.41,4985.28,6581.65,2585.05,1444.53,3747.31,5511.09,2614.76,3011.51,2042.06,903.489,3371.63,1702.8,1550.43,5237.29,889.487,1231.88,2087.86,1953.87,4148.86,3160.67,947.315,1112.24,2664.19,4524.04,3381.88,1879.45,3916.25,3803.2,1224.13
ESAM,617.195,902.295,593.097,406.661,1160.19,1233.45,1176.54,1305.52,581.924,288.292,908.396999999999,542.476,1150.45,669.177,634.153,1107.31,507.363,639.207,691.567,342.241,1586.81,695.213,749.677,512.207,377.358,555.253,586.189,584.028,1181.77,670.846,516.541,122.093,1222.27,925.07,447.607,205.618,583.372,573.952,476.052,296.834,509.372,2905.59,307.98,427.69,466.586,902.964000000001,787.161,1353.94,207.589,1310.16,766.248,708.411,278.531,397.849,1326.53,620.119,962.687,279.512,428.065,419.975,674.733,442.99,974.575999999999,183.64,686.177,875.144,578.087,959.531999999999,512.971,408.606,191.327,350.627,505.28,889.968,515.928,1170.37,1054.58,885.325
GIMAP8,236.792,214.602,91.8382,163.439,362.139,183.714,580.191,449.114,88.7949,284.282,321.883,295.51,123.869,179.554,101.572,434.783,123.606,479.786,381.019,23.7069,903.818,136.583,342.789,172.3,59.5634,203.719,230.01,187.802,190.044,107.031,110.159,31.7125,401.627,86.3744,116.43,44.2612,39.0446,100.959,165.457,57.6077,124.648,805.395,59.0544,52.8346,92.3451,154.398,229.773,270.303,92.6339,216.35,677.772,274.766,129.29,602.15,730.257,149.202,168.25,181.818,49.8179,201.115,280.174,175.686,777.966,90.9227,226.925,573.41,61.0284,664.664,435.983,210.063,59.5238,136.83,78.9988,504.854,155.528,556.922,467.475,142.342
GNG11,1154.18,1032.75,1116.28,824.167,1260.78,510.63,2687.94,2116.04,336.152,4054.81,954.198,362.257,889.14,7380.64,390.165,4612.4,1483.71,1817.7,917.548,252.586,11120.1,590.25,2055.54,2076.06,476.138,441.549,285.047,682.756,1542.4,950.738999999999,773.803,7433.4,1918.7,3649.32,611.902,747.398,664.676,1118.63,949.202,6220.32,403.936,2267.82,971.034,561.897,369.38,956.978999999999,761.926,3905.45,209.821,776.024,1304.21,1648.6,1306.86,2790.32,1849.16,1866.88,2878.56,417.91,2883.91,3667.84,1041.51,624.717,932.203,349.933,694.582,3862.43,217.684,1085.15,1183.26,485.177,198.98,1789.05,1627.3,2197.41,549.657,2037.16,699.559,666.399
GPR116,395.293,1987.38,495.334,333.075,755.574,732.852,665.147,1256.91,606.765,255.319,777.354,783.374,292.986,714.355,336.423,1698.43,457.831,579.71,969.697,188.362,1460.47,413.702,1173.68,749.296,328.894,1104.35,1328.14,718.736,615.534,793.551,1717.55,84.5666,1329.1,314.403,408.797,202.257,243.454,332.156,492.017,158.751,431.115,1280.35,394.693,293.483,397.462,430.21,788.932,1166.67,175.223,1439.97,2078.1,734.579,499.601,1182.8,1242.24,503.555,520.353,256.445,309.363,362.189,537.193,385.099,886.441,338.567,748.011,472.832,740.99,1636.54,2005.02,517.025,178.571,607.754,636.293,1072.12,617.114,2266.07,1398.57,1346.03
GPR124,427.474,2605.02,190.787,706.429,1251.84,471.721,5143.8,913.527,1143.76,209.424,564.885,833.738,226.244,172.217,119.844,773.358000000001,480.589,752.098000000001,320.883,130.172,2947.94,452.789,646.959,451.643,154.643,428.758,430.426,233.875,276.958,943.574,483.627,1103.07,905.938,164.975,283.312,390.507,2034.45,499.748,397.678,262.973,488.753,1019.27,2143.9,111.068,308.357,4739.6,499.391,4269.7,81.4732,1139.21,497.542,661.682,749.401,943.171999999999,637.977,156.195,652.646,583.446,201.732,163.349,285.731,342.814,576.271,188.425,391.415,261.272,471.408,662.901,493.724,50.8216,130.102,329.533,308.174,1520.57,3670.21,3512.87,1504.41,703.689
ITGA9,121.518,5372.3,238.779,100.697,159.833,813.879,169.084,904.006999999999,397.463,51.6876,510.178,187.5,1249.43,747.562,260.11,258.094,419.456,322.654,185.107,768.966,261.319,339.482,760.824,468.075,898.631,135.497,631.88,564.283,564.294,1106.14,305.625,546.512,247.601,815.375,304.01,182.647,898.025,416.961,246.734,773.967,529.522,192.678,536.722,835.712,429.324,340.344,571.555,570.303,264.509,467.459,241.398,257.944,2415,129.032,141.083,747.873,351.425,672.999,586.745,313.502,313.054,763.655,96.6102,260.206,114.063,112.139,566.554,293.545,203.347,872.099,396.259,1017.1,579.194,251.04,193.629,572.276,359.978,673.216
JAM2,403.938,72.0708,939.713000000001,237.8,95.5645,404.332,336.925,72.0758,102.537,6.6837,75.6997,63.1068,986.424999999999,34.3663,60.1908,360.777,1583.67,89.2449,109.937,7.7586,274.817,81.2473,115.856,78.8732,1784.68,49.2716,88.785,291.795,98.5893,212.718,30.8984,347.252,158.995,334.269,786.546,11.7656,1438.68,213.529,42.09,3708.44,114.808,90.5588,12656.3,749.325,179.29,44.4551,610.072,74.5455,2260.04,283.029,890.224,80.3738,148.045,102.15,183.673,104.441,49.5251,73.27,447.747,24.5706,48.1621,1304.3,233.898,927.172,671.169,226.59,724.171,383.901,48.5356,29.1377,471.939,334.094,205.319,1184.47,21.2367,50.2486,63.3958,70.5694
KDR,349.664,1246.14,486.447,164.214,934.408,1872.04,674.264,1792.38,451.903,170.213,747.456,3348.91,456.448,725.166999999999,1158.14,2400.55,565.819,463.005,1437.63,292.241,1029.62,441.809,1125.91,1528.64,462.079,4088.12,724.818,877.578,524.08,732.647,1014.27,97.2516,1398.66,513.928,411.384,986.072,211.3,331.651,534.107,304.749,478.444,1365.13,177.911,171.616,436.344,261.95,870.393,760.606,243.304,1848.55,4170.4,1228.04,793.296,483.871,1148.18,763.259,508.82,263.229,402.849,313.502,796.065,502.391,1900,119.037,476.662,709.827,423.354,1558.96,1443.51,1762.49,6227.89,582.098,418.85,1548.31,520.924,2366.92,1088.2,940.257
LDB2,461.095,1741.38,230.484,449.264,574.505,1141.6,706.175,4288.17,425.476,78.4226,926.845,270.024,385.747,1332.56,1076.99,691.027,2937.08,413.425,552.032,1327.59,786.657,4563.02,474.171,214.554,127.266,458.605,210.8,374.287,289.282,190.327,106.129,54.9683,590.433,350.68,200.518,67.7924,516.766,250.883,552.975,2042.66,189.784,855.491,448.514,134.208,1128.66,487.094,1545.55,329.091,159.598,706.508,595.303,345.794,1274.14,408.602,606.034,414.034,664.179,666.214,1547.43,207.485,446.426,243.141,561.017,183.64,476.662,469.364,587.698,488.361,330.544,786.041,123.299,484.036,714.509,396.209,213.617,1046.85,428.335,936.247
LRRC32,620.077,1504.23,564.065,228.505,659.451,718.01,1808.12,530.709,693.446,215.662,1237.28,771.845,569.005,1008.98,480.451,1108.23,738.51,1420.29,722.575,384.914,1825.99,513.395,842.042,396.714,481.687,389.909,426.791,690.654,538.998,728.168,443.997,241.015,1390.38,688.404,236.74,252.681,248.966,452.297,892.598,264.732,611.528,3514.45,476.173,713.845,619.954,128.585,1668.62,698.182,531.25,1866.29,2408.52,394.392,521.149,2188.17,1583.85,695.652,1470.15,381.275,382.553,1898.76,646.021,451.548,827.119,880.514,413.627,404.624,949.062999999999,1381.78,1461.09,121.294,62.9252,1246.29,1685.18,693.944,579.013,1355.32,379.824,594.627
MYCT1,88.3766,178.365,71.6931,72.0372,196.718,191.737,147.12,267.224,56.5539,51.2421,181.298,141.99,136.878,130.514,127.368,279.371,85.676,104.5,199.201,50.8621,383.88,121.212,166.02,97.6526,83.6108,95.7006,87.7466,113.646,116.102,105.687,90.6801,9.5137,284.037,104.513,78.9133,31.9353,82.2232,91.368,65.312,47.4934,92.3149,296.724,41.8613,64.7898,95.0452,113.767,135.473,290.909,85.9375,251.818,167.122,229.906,97.7654,231.183,278.616,127.288,145.862,111.262,70.1142,61.8815,130.594,76.0131,240.678,48.4522,102.056,206.936,69.678,244.621,128.034,163.307,22.1088,54.1619,84.0829,296.348,87.4453,116.549,116.869,150.762
PDGFD,347.743,582.203,958.08,295.895,68.7394,639.791,1997.93,1197.41,69.2389,62.3816,713.74,7491.5,276.584,2867.46,694.881,10950,2592.59,178.49,610.289,2400.43,895.719,490.119,5937.29,5167.14,120.607,3296.93,1241.95,351.47,537.701,2964.62,4501.09,7794.4,6662.04,828.331,941.785,1199.53,5967.85,350.328,1281.57,293.755,1947.05,421.965,102.411,2006.94,162.009,181.644,2236.64,5961.21,1863.84,405.746,6052.98,4710.28,1473.26,2655.91,1330.97,617.788,504.749,4655.36,4548.19,7699.69,479.769,486.786,1877.97,6176.16,148.282,4809.25,252.763,7199.35,5763.18,519.058,4716.84,1546.75,1553.38,7124.36,98.6883,2627.24,2835.72,596.231
PECAM1,859.75,1155.55,946.23,553.834,1104.3,730.445,2210.94,980.163,843.552,890.275,1465.65,625.607,2597.29,920.166,695.956,1735.43,956.716,1327.23,839.558,489.224,4173.01,742.205,1102.82,605.634,385.498,456.236,912.773,591.049,3107.51,1813.7,805.373999999999,294.926,1797.8,1544.37,1257.44,301.985,1188.79,1112.57,715.53,414.248,498.126,4199.42,826.761,865.793,828.406,1973.71,777.864,2201.82,436.384,1637.17,1250.68,1074.77,299.282,1827.96,3064.77,1298.05,999.322,849.389,802.008,791.719,771.52,733.451,2406.78,216.54,1120.82,1619.65,1138.88,1155.23,713.808,349.653,323.129,271.38,984.748,1362.46,861.337,1108.61,1657.66,1574.58
PLVAP,1261.29,3170.31,3294.33,3731.99,1754.81,3275.57,4759.22,4489.1,1887.95,1137.57,2697.2,2554,2323.53,1649.58,2261.45,8146.16,2050.42,1964.91,2301.15,1040.52,7373.62,2338.16,3169.9,4565.73,1558.27,2470.21,2147.98,1460.73,5092.27,3156.29,1703.44,526.427,6324.18,2445.26,2009.06,848.806,1253.1,1929.83,1602.32,1587.07,1790.53,6415.22,1417.31,1068.65,1943.03,2987.09,3195.13,4505.45,2218.75,4715.02,1881.49,3474.77,910.216,5940.86,8155.28,2419.86,2415.88,2928.09,1035.72,1710.39,1563.42,1291.72,5303.39,638.253,2423.53,3765.32,2247.96,2929.72,2233.47,632.899,1058.67,1423.6,1389.91,8836.34,2080.57,4939.02,4207.83,6989.57
PTPRB,330.452,854.784,126.796,150.271,320.784,302.443,345.628,856.07,97.2516,129.647,753.181,701.456,122.172,293.079,149.402,1125.81,218.652,498.856,499.882,101.724,707.273,266.14,749.278,562.441,102.849,625.844,505.711,360.685,308.74,288.849,267.338,107.822,1006.97,190.024,150.065,99.1674,63.39,92.3776,201.742,92.3483,212.277,260.116,35.8811,95.6421,165.789,109.943,460.874,498.182,146.205,515.694,1393.22,439.252,306.863,344.086,740.905,457.396,232.7,221.167,128.543,203.845,415.862,234.08,894.915,168.685,225.124,627.746,211.917,1718.07,726.36,75.216,130.952,240.023,297.595,1063.33,174.866,1342.76,514.327,309.928
RGS5,6946.21,6748.49,3899.27,5106.12,4012.59,6227.44,2872.36,11086.1,7495.77,900.969,6280.53,7819.78,2085.97,4998.55,1679.97,22034.2,2889.34,8157.89,8356.12,936.207,6689.55,3391.3,11878.6,12536.2,1132.82,4641.48,2197.82,6387.89,8166.69,4550.83,637.447,911.205,14322.8,3758.15,4346.7,3222.1,638.034,2815.75,7204.64,1477.13,5279.29,8368.02,1985.42,1572.7,1916.57,3344.65,3728.61,5923.03,1185.27,13903.9,6899.51,10843,2688.75,20220.4,16017.7,4882.15,6315.47,8598.37,5962.78,4458.2,6061.48,4647.87,7655.93,5127.56,7482.52,4356.07,6064.87,12209.5,9128.03000000001,3423.34,2663.27,2961.8,3988.27,17582.1,9252.97,4756.87,3766.81,10095
RHOJ,53.3141,128.842,71.1006,57.3199,122.39,70.5977,350.187,150.611,51.797,20.9424,90.3308,59.466,68.4389,74.5246,71.4766,84.1813,44.1767,113.654,69.0627,23.2759,215.426,59.7277,82.4127,51.6432,64.003,80.5401,101.246,68.4511,100.535,64.4872,48.3627,11.6279,186.322,47.5059,58.2147,29.1339,38.1259,32.3069,52.2496,18.4697,53.8894,255.299,21.6782,29.3097,38.8821,134.799,80.1328,189.697,47.9911,219.188,72.0918,127.103,32.7215,166.667,129.548,63.4107,94.3012,59.7015,35.0571,48.2311,56.4979,60.4078,127.119,16.7489,106.859,102.89,57.6646,129.142,80.3347,60.9859,21.2585,42.7594,75.8702,121.59,81.1993,153.189,190.187,150.361
ROBO4,294.909,632.532,245.889,283.501,877.405,942.639,650.642,854.71,172.304,123.427,786.26,550.971,616.516,396.95,367.056,938.945,216.868,426.392,754.992,165.086,2005.25,421.607,470.588,598.122,191.639,608.788,347.352,388.767,642.776,431.258,491.016,63.9535,1698.43,441.373,199.224,201.696,249.885,384.654,458.636,265.171,251.64,1771.68,139.039,147.32,190.631,328.394,463.088,601.212,447.545,687.356,979.246,669.159,353.152,956.989,1401.06,377.666,469.471,614.654,305.673,352.178,371.404,354.896,866.102,129.206,246.736,632.37,218.645,657.612,659.414,424.869,114.796,244.584,181.072,682.848,303.56,961.703,741.455,413.392
S1PR1,335.735,897.061,1171.38,378.776,1122.18,1683.91,729.383,1016.88,348.309,106.494,372.137,530.34,455.317,1126.75,1279.59,537.465,286.033,520.976,659.15,539.224,1036.64,748.792,510.401,641.784,477.987,381.381,703.531,1186.49,427.436,652.933,374.139,874.736,917.532,1204.92,424.321,102.529,359.21,387.178,438.316,281.442,312.09,1556.84,138.292,1497.49,350.479,619.503,634.864,999.393999999999,489.955,1068.27,713.271,669.159,149.641,516.129,646.85,552.512,423.338,918.589000000001,291.527,263.451,629.35,329.222,627.119,163.9,612.337,652.023,429.121,2174.7,365.69,355.751,420.918,531.927,666.406,1373.56,485.946,649.045,1009.37,1667.6
SPARCL1,3176.27,4885.11,5785.22,721.921000000001,5505.86,7395.91,19271.9,8782.03,3105.18,756.6,2197.84,3083.74,5446.27,5366.93,4169.29,21849.2,2929.5,2044.24,6575.99,2115.52,3068.88,2228.37,4951.13,2279.34,2641.88,3367.52,3586.71,4696.8,6827.31,4148.23,1688.66,908.562,4976.86,3694.23,3270.38,858.331,3536.98,3010.1,1478.95,2506.6,3230.08,11586.7,3017.01,3496.34,4265.69,3407.74,3250.47,5199.39,626.116,8636.28000000001,4575.64,3669.16,932.562,946.237,5237.8,5877.14,3127.54,474.898,3078.26,1676.71,4696.73,2162.09,13745.8,1116.2,4284.56,7269.36,2785.68,4042.2,2148.12,3838.73,34088.4,3169.33,5737.19,3432.73,3191.76,3544.27,5749.72,8068.56
TEK,46.1095,256.476,30.8103,134.779,183.305,72.2022,243.266,141.092,33.8266,30.2997,270.992,234.83,32.8054,81.8612,43.5308,390.379,16.9567,103.738,137.186,25.431,543.155,68.9504,252.812,125.352,24.4173,141.182,87.2274,75.0329,47.9974,32.2436,96.7254,5.814,378.44,25.0486,45.2781,12.8862,14.6991,22.7158,62.4093,10.1143,45.4545,179.191,12.7079,15.0405,50.7628,41.587,88.1018,121.212,25.6696,173.08,564.719,99.0654,166.002,96.7742,178.35,86.2571,110.583,20.3528,27.0616,47.3211,84.7468,46.816,106.78,29.9088,30.6168,92.4855,60.5478,451.778,193.305,16.2629,29.7619,66.7047,61.4001,490.985,51.8426,522.725,133.958,46.9126
TIE1,382.805,813.313,347.208,209.915,1164.1,760.128,713.635,1257.93,224.101,139.468,692.112,356.189,672.511,381.89,475.077,799.26,248.996,656.751,509.749,92.6724,1266.1,658.322,599.582,322.535,315.205,415.018,493.25,437.911,679.747,351.993,456.759,43.8689,1178.38,456.057,249.677,157.996,355.076,248.864,303.338,162.709,298.5,1624.28,165.95,233.706,254.354,921.606,541.45,1023.64,241.071,1184.61,752.594,646.729,292.897,811.828,1175.69,432.218,478.969,321.574,217.108,320.783,562.663,324.188,761.017,185.434,542.698,736.416,275.348,904.437,523.013,422.836,79.932,197.833,298.788,595.007,317.302,1035.33,861.081,746.592
TM4SF18,36.5034,116.36,60.4355,27.8854,112.889,208.183,80.3978,199.568,45.4545,15.5954,143.13,146.845,88.8009,93.8315,67.7146,196.115,49.5315,54.9199,236.786,38.3621,213.267,45.235,78.4314,116.901,30.7066,139.287,112.669,71.0838,94.6976,133.901,206.885,15.3277,268.303,83.7832,58.2147,33.0558,56.0404,81.7769,74.0203,50.5717,43.5801,200.385,37.3762,26.6101,63.7235,40.631,66.4084,116.97,44.6429,174.499,104.861,157.009,74.2219,134.409,185.448,108.637,73.9484,71.9132,84.26,39.1309,76.8742,73.9995,176.271,9.5708,37.2205,90.1734,43.729,160.877,111.297,184.313,38.2653,51.3113,38.7172,191.401,71.8301,39.4312,81.0364,127.907
VWF,2672.91,10605.7,3626.72,827.266,8069.33,7492.18,7770.41,5668.49,2615.22,386.321,2162.21,4173.54,9154.97999999999,5434.5,5323.66,3535.62,2320.39,2898.55,7045.81,2745.26,7234.86,2589.81,3119.34,5796.24,1721.05,4734.81,8391.48,8250.99,8291.88,8262.43,4730.14,1312.9,8345.57,6629.24,3152.65,648.23,6289.85,4656.23,2586.36,4206.68,1526.24,35644.5,2501.96,4711.53,2813.55,4914.91,4163.81,2479.39,1425.22,11420.5,2241.4,1762.62,582.602,2849.46,7005.32,8858.38,2862.28,1955.22,4794.21,2831.99,5454.83,3377.3,5659.32,324.211,2427.13,2050.87,6500.72,6919.47,2922.18,3477.55,1137.76,2429.3,6626.52,5096.63,2984.38,1460.7,13722.7,14711.3
ZNF423,112.392,120.386,488.817,465.531,335.314,46.1292,43.5143,1688,507.4,13.8131,1317.43,154.733,66.1765,364.514,303.104,481.961,294.065,530.892,279.54,59.0517,138.758,64.9978,273.514,1674.18,38.8457,421.651,1143.82,216.762,1701.96,68.0699,596.474,3.6998,1004.48,150.292,891.332,1837.12,11.4837,96.416,1110.3,112.577,680.412,71.2909,550.178,107.212,1140.54,114.245,231.544,373.333,6.6964,434.829,391.043,596.262,656.425,543.011,144.632,195.361,120.081,370.421,153.759,55.5113,650.189,72.9927,213.559,13.758,1551.25,76.3006,1240.27,332.773,874.477,671.523,162.415,506.841,283.144,300.971,1917.55,314.403,551.268,170.008
BRAF,36.5034,248.826,78.8031,40.2789,40.7965,60.1685,65.0642,91.4547,96.723,94.4636,32.4427,79.4903,5.6561,72.2077,92.9733,35.1526,49.9777,56.4455,159.737,37.5,45.8928,43.0391,54.5436,151.174,82.8709,90.4892,274.663,139.535,94.049,81.0569,57.0949,15.3277,43.0611,33.686,73.7387,28.0134,50.0689,10.6007,49.3469,78.7159,129.335,16.3776,16.4455,60.162,136.627,32.0268,69.0647,84.8485,46.875,141.16,38.7766,48.5981,137.271,10.7527,41.7036,95.5822,31.2076,14.9254,51.6631,46.8661,123.184,76.5165,81.3559,85.5391,66.6367,33.526,160.5,169.251,43.5146,143.656,23.8095,160.775,114.978,162.737,82.4485,150.397,130.65,152.366
IFNG,0.4803,0.4026,1.185,0,0,0,7.4596,0,0.5285,22.7247,0,0,0,0,0,0.9251,2.6774,35.0877,0.4698,0,0.5399,0,1.1944,0.4695,0,0,0.5192,0,0,0,0,0,0,0,0,0,0,0,0,0,0,0,0,0.3857,0,0,0,1.2121,0,0,4.3692,0,0,0,0,0,0,0,0,0,1.3893,5.5374,1.6949,0,0,2.3121,0.4805,0,0,0,0.8503,0,0,0.9246,0,1.0468,0,0
TGFB1,470.221,791.169,325.878,1154.92,615.86,310.469,3711.56,2766.42,852.009,2653,737.913,1744.54,686.086,337.098,307.94,2585.57,408.3,676.583,208.128,481.466,1308.75,1449.71,3161.14,398.122,237.514,637.214,2055.04,326.02,784.174,776.534,180.689,230.444,1379.61,424.962,375.162,176.484,758.842,361.434,252.54,489.446,709.934,1387.28,369.277,3342.85,156.609,626.195,1157.28,1521.82,143.973,583.792,544.511,1738.32,1082.2,392.473,1079.86,292.808,1777.48,534.6,168.52,489.592,359.364,452.555,3974.58,95.1099,614.738,1109.83,1176.36,853.75,820.92,416.737,970.237999999999,346.636,434.885,1485.44,408.495,1170.72,3655.46,546.913
TGFB2,844.861,126.426,68.1381,32.5329,6.1474,9.627,772.897,1090.32,27.4841,357.803,113.868,37.0146,121.041,157.158,56.9663,317.299,306.56,132.723,23.4907,190.517,26.9958,162.934,76.0426,45.5399,18.498,31.7423,126.687,48.2668,154.37,294.223,16.7926,42.8118,47.2015,101.922,33.6352,4.4821,563.62,109.541,76.9231,442.832,44.0487,22.158,448.514,233.706,38.8821,7.6482,156.281,84.2424,26.7857,22.6991,52.4304,37.3832,122.905,32.2581,37.2671,70.4045,76.6621,438.263,162.985,65.5216,10.6512,400.705,37.2881,22.7307,14.4079,30.0578,246.997,66.9953,23.431,27.1049,634.354,94.0707,514.274,103.56,27.4828,42.2228,55.6781,70.9703
TGFB3,111.912,256.073,360.243,542.215,153.127,316.085,3762.12,339.98,416.49,265.122,250.636,78.2767,438.914,339.029,214.43,350.601,319.054,501.144,420.484,67.2414,429.233,420.729,397.731,84.507,214.946,53.5355,88.2658,311.54,334.036,127.183,67.8421,45.9831,68.7321,308.357,46.5718,40.8996,173.174,85.3104,143.686,145.998,269.447,458.574,470.192,155.804,246.254,324.092,226.231,667.879,160.714,753.325,233.206,300.935,573.025,145.161,325.643,430.819,342.605,316.147,128.543,252.531,288.51,110.244,123.729,222.521,343.989,62.4277,705.43,209.36,87.8661,380.823,185.374,370.011,258.506,153.028,131.793,234.494,277.288,302.726
